"","school","sex","age","address","famsize","Pstatus","Medu","Fedu","traveltime","studytime","failures","schoolsup","famsup","paid","activities","nursery","higher","internet","romantic","famrel","freetime","goout","Dalc","Walc","health","absences","G1","G2","M.at_home","M.health","M.other","M.services","M.teacher","F.at_home","F.health","F.other","F.services","F.teacher","g.father","g.mother","g.other","r.course","r.home","r.other","r.reputation"
"1",1,1,18,2,1,1,4,4,2,2,0,2,1,1,1,2,2,1,1,4,3,4,1,1,3,4,0,11,1,0,0,0,0,0,0,0,0,1,0,1,0,1,0,0,0
"2",1,1,17,2,1,2,1,1,1,2,0,1,2,1,1,1,2,2,1,5,3,3,1,1,3,2,9,11,1,0,0,0,0,0,0,1,0,0,1,0,0,1,0,0,0
"3",1,1,15,2,2,2,1,1,1,2,0,2,1,1,1,2,2,2,1,4,3,2,2,3,3,6,12,13,1,0,0,0,0,0,0,1,0,0,0,1,0,0,0,1,0
"4",1,1,15,2,1,2,4,2,1,3,0,1,2,1,2,2,2,2,2,3,2,2,1,1,5,0,14,14,0,1,0,0,0,0,0,0,1,0,0,1,0,0,1,0,0
"5",1,1,16,2,1,2,3,3,1,2,0,1,2,1,1,2,2,1,1,4,3,2,1,2,5,0,11,13,0,0,1,0,0,0,0,1,0,0,1,0,0,0,1,0,0
"6",1,2,16,2,2,2,4,3,1,2,0,1,2,1,2,2,2,2,1,5,4,2,1,2,5,6,12,12,0,0,0,1,0,0,0,1,0,0,0,1,0,0,0,0,1
"7",1,2,16,2,2,2,2,2,1,2,0,1,1,1,1,2,2,2,1,4,4,4,1,1,3,0,13,12,0,0,1,0,0,0,0,1,0,0,0,1,0,0,1,0,0
"8",1,1,17,2,1,1,4,4,2,2,0,2,2,1,1,2,2,1,1,4,1,4,1,1,1,2,10,13,0,0,1,0,0,0,0,0,0,1,0,1,0,0,1,0,0
"9",1,2,15,2,2,1,3,2,1,2,0,1,2,1,1,2,2,2,1,4,2,2,1,1,1,0,15,16,0,0,0,1,0,0,0,1,0,0,0,1,0,0,1,0,0
"10",1,2,15,2,1,2,3,4,1,2,0,1,2,1,2,2,2,2,1,5,5,1,1,1,5,0,12,12,0,0,1,0,0,0,0,1,0,0,0,1,0,0,1,0,0
"11",1,1,15,2,1,2,4,4,1,2,0,1,2,1,1,2,2,2,1,3,3,3,1,2,2,2,14,14,0,0,0,0,1,0,1,0,0,0,0,1,0,0,0,0,1
"12",1,1,15,2,1,2,2,1,3,3,0,1,2,1,2,2,2,2,1,5,2,2,1,1,4,0,10,12,0,0,0,1,0,0,0,1,0,0,1,0,0,0,0,0,1
"13",1,2,15,2,2,2,4,4,1,1,0,1,2,1,2,2,2,2,1,4,3,3,1,3,5,0,12,13,0,1,0,0,0,0,0,0,1,0,1,0,0,1,0,0,0
"14",1,2,15,2,1,2,4,3,2,2,0,1,2,1,1,2,2,2,1,5,4,3,1,2,3,0,12,12,0,0,0,0,1,0,0,1,0,0,0,1,0,1,0,0,0
"15",1,2,15,2,1,1,2,2,1,3,0,1,2,1,1,2,2,2,2,4,5,2,1,1,3,0,14,14,0,0,1,0,0,0,0,1,0,0,0,0,1,0,1,0,0
"16",1,1,16,2,1,2,4,4,1,1,0,1,2,1,1,2,2,2,1,4,4,4,1,2,2,6,17,17,0,1,0,0,0,0,0,1,0,0,0,1,0,0,1,0,0
"17",1,1,16,2,1,2,4,4,1,3,0,1,2,1,2,2,2,2,1,3,2,3,1,2,2,10,13,13,0,0,0,1,0,0,0,0,1,0,0,1,0,0,0,0,1
"18",1,1,16,2,1,2,3,3,3,2,0,2,2,1,2,2,2,1,1,5,3,2,1,1,4,2,13,14,0,0,1,0,0,0,0,1,0,0,0,1,0,0,0,0,1
"19",1,2,17,2,1,2,3,2,1,1,3,1,2,2,2,2,2,2,1,5,5,5,2,4,5,2,8,8,0,0,0,1,0,0,0,0,1,0,0,1,0,1,0,0,0
"20",1,2,16,2,2,2,4,3,1,1,0,1,1,1,2,2,2,2,1,3,1,3,1,3,5,6,12,12,0,1,0,0,0,0,0,1,0,0,1,0,0,0,1,0,0
"21",1,2,15,2,1,2,4,3,1,2,0,1,1,1,1,2,2,2,1,4,4,1,1,1,1,0,12,13,0,0,0,0,1,0,0,1,0,0,0,1,0,0,0,0,1
"22",1,2,15,2,1,2,4,4,1,1,0,1,2,2,1,2,2,2,1,5,4,2,1,1,5,0,11,12,0,1,0,0,0,0,1,0,0,0,1,0,0,0,0,1,0
"23",1,2,16,2,2,2,4,2,1,2,0,1,1,1,2,2,2,2,1,4,5,1,1,3,5,0,12,13,0,0,0,0,1,0,0,1,0,0,0,1,0,1,0,0,0
"24",1,2,16,2,2,2,2,2,2,2,0,1,2,1,2,2,2,2,1,5,4,4,2,4,5,2,10,10,0,0,1,0,0,0,0,1,0,0,0,1,0,0,0,0,1
"25",1,1,15,1,1,2,2,4,1,3,0,2,2,1,2,2,2,2,1,4,3,2,1,1,5,2,10,11,0,0,0,1,0,0,1,0,0,0,0,1,0,1,0,0,0
"26",1,1,16,2,1,2,2,2,1,1,0,1,2,1,1,1,2,2,1,1,2,2,1,3,5,6,10,11,0,0,0,1,0,0,0,0,1,0,0,1,0,0,1,0,0
"27",1,2,15,2,1,2,2,2,1,1,0,1,2,1,1,2,2,2,1,4,2,2,1,2,5,8,11,12,0,0,1,0,0,0,0,1,0,0,0,1,0,0,1,0,0
"28",1,2,15,2,1,2,4,2,1,1,0,1,1,1,1,2,2,2,1,2,2,4,2,4,1,0,11,11,0,1,0,0,0,0,0,0,1,0,0,1,0,0,0,1,0
"29",1,2,16,2,2,1,3,4,1,2,0,2,2,2,2,2,2,2,1,5,3,3,1,1,5,2,12,12,0,0,0,1,0,0,0,1,0,0,0,1,0,0,1,0,0
"30",1,2,16,2,1,2,4,4,1,2,0,1,2,2,2,2,2,2,2,4,4,5,5,5,5,4,12,11,0,0,0,0,1,0,0,0,0,1,0,1,0,0,1,0,0
"31",1,2,15,2,1,2,4,4,1,2,0,1,2,2,1,1,2,2,1,5,4,2,3,4,5,0,10,11,0,1,0,0,0,0,0,0,1,0,0,1,0,0,1,0,0
"32",1,2,15,2,1,2,4,4,2,2,0,1,2,1,2,2,2,2,1,4,3,1,1,1,5,2,15,15,0,0,0,1,0,0,0,0,1,0,0,1,0,0,0,0,1
"33",1,2,15,1,1,2,4,3,1,2,0,1,2,1,2,2,2,2,2,4,5,2,1,1,5,0,13,14,0,0,0,0,1,1,0,0,0,0,0,1,0,1,0,0,0
"34",1,2,15,2,2,2,3,3,1,2,0,1,1,1,2,1,2,2,1,5,3,2,1,1,2,0,13,12,0,0,1,0,0,0,0,1,0,0,0,1,0,1,0,0,0
"35",1,2,16,2,1,2,3,2,1,1,0,1,2,1,1,1,2,2,1,5,4,3,1,1,5,4,12,12,0,0,1,0,0,0,0,1,0,0,0,1,0,0,1,0,0
"36",1,1,15,2,1,2,2,3,2,1,0,1,2,1,2,2,2,1,1,3,5,1,1,1,5,4,11,11,0,0,1,0,0,0,0,1,0,0,1,0,0,0,0,1,0
"37",1,2,15,2,2,2,4,3,1,3,0,1,2,1,2,2,2,2,1,5,4,3,1,1,4,0,14,14,0,0,0,0,1,0,0,0,1,0,0,1,0,0,1,0,0
"38",1,2,16,1,1,1,4,4,2,3,0,1,2,1,2,2,2,2,2,2,4,3,1,1,5,4,13,13,0,0,1,0,0,0,0,0,0,1,0,1,0,0,0,0,1
"39",1,1,15,1,1,2,3,4,1,3,0,2,2,1,2,2,2,2,1,4,3,2,1,1,5,2,11,12,0,0,0,1,0,0,1,0,0,0,0,1,0,1,0,0,0
"40",1,1,15,1,1,2,2,2,1,1,0,2,2,1,2,2,2,1,1,4,3,1,1,1,2,8,14,13,1,0,0,0,0,0,0,1,0,0,0,1,0,0,0,0,1
"41",1,1,16,2,2,2,2,2,2,2,0,1,2,1,2,1,2,2,2,3,3,3,1,2,3,16,11,11,0,0,1,0,0,0,0,1,0,0,0,1,0,0,1,0,0
"42",1,2,15,2,2,2,4,4,1,1,0,1,2,1,1,1,2,2,2,5,4,3,2,4,5,8,10,11,0,0,0,0,1,0,0,1,0,0,0,0,1,0,1,0,0
"43",1,2,15,2,1,2,4,4,1,2,0,1,2,1,2,2,2,2,1,4,3,3,1,1,5,0,14,15,0,0,0,1,0,0,0,0,0,1,1,0,0,1,0,0,0
"44",1,2,15,2,1,2,2,2,1,1,0,2,2,1,1,2,2,2,1,5,4,1,1,1,1,0,9,10,0,0,0,1,0,0,0,0,1,0,1,0,0,1,0,0,0
"45",1,1,16,2,2,2,2,2,2,2,1,2,1,1,2,2,2,2,1,4,3,3,2,2,5,14,10,11,0,0,1,0,0,1,0,0,0,0,1,0,0,1,0,0,0
"46",1,1,15,2,2,1,4,3,1,2,0,2,2,2,2,2,2,2,2,5,2,2,1,1,5,4,10,11,0,0,1,0,0,0,0,1,0,0,0,1,0,1,0,0,0
"47",1,1,16,2,2,1,3,3,1,2,0,1,2,1,1,2,2,2,1,2,3,5,1,4,3,6,13,12,0,0,1,0,0,0,0,0,1,0,0,1,0,0,1,0,0
"48",1,2,16,2,1,2,4,3,1,4,0,1,1,1,2,2,2,2,1,4,2,2,1,1,2,2,17,17,0,1,0,0,0,0,0,0,1,0,0,1,0,0,0,0,1
"49",1,2,15,2,1,2,4,2,1,2,0,1,2,1,1,2,2,1,1,4,3,3,2,2,5,4,11,12,0,0,0,0,1,0,0,1,0,0,0,1,0,0,1,0,0
"50",1,1,15,2,1,2,4,4,1,2,0,2,2,1,2,1,2,2,1,4,4,4,1,1,3,2,13,12,0,0,0,1,0,0,0,0,0,1,1,0,0,0,0,1,0
"51",1,1,16,2,2,2,2,2,3,2,0,1,2,1,1,2,2,2,1,4,3,3,2,3,4,0,14,13,0,0,0,1,0,0,0,0,1,0,0,1,0,1,0,0,0
"52",1,1,15,2,2,2,4,2,1,2,0,1,2,1,1,2,2,2,1,4,3,3,1,1,5,0,16,14,0,1,0,0,0,0,0,1,0,0,0,1,0,0,0,1,0
"53",1,2,15,2,2,1,4,2,2,1,0,1,1,1,1,2,2,1,1,5,5,5,3,4,5,4,10,9,0,1,0,0,0,0,1,0,0,0,1,0,0,0,0,1,0
"54",1,1,15,2,1,2,4,4,1,1,0,2,2,1,1,2,2,2,1,3,3,4,2,3,5,0,13,12,0,0,0,1,0,0,0,0,1,0,0,1,0,1,0,0,0
"55",1,1,15,2,2,1,3,3,1,1,0,1,1,1,1,2,2,2,1,5,3,4,4,4,1,0,13,12,0,0,1,0,0,0,0,1,0,0,0,1,0,0,0,1,0
"56",1,1,16,2,1,1,2,1,1,2,0,1,1,1,2,2,2,2,2,5,3,4,1,1,2,2,12,13,0,0,1,0,0,0,0,1,0,0,0,1,0,0,0,1,0
"57",1,1,15,2,1,1,4,3,1,2,0,1,2,1,2,2,2,2,1,4,3,2,1,1,1,0,15,14,0,0,0,1,0,0,0,0,1,0,0,1,0,0,0,0,1
"58",1,2,15,2,1,2,4,4,1,2,0,1,2,1,2,2,2,1,1,3,2,2,1,1,5,8,15,15,0,0,0,0,1,0,1,0,0,0,0,1,0,0,0,0,1
"59",1,2,15,2,2,2,1,2,1,2,0,2,2,1,2,2,2,2,1,4,3,2,1,1,5,0,14,13,0,0,1,0,0,1,0,0,0,0,1,0,0,0,1,0,0
"60",1,1,16,2,1,2,4,2,1,2,0,1,2,2,1,2,2,2,1,4,2,3,1,1,5,2,16,15,0,0,0,1,0,0,0,1,0,0,0,1,0,1,0,0,0
"61",1,1,16,1,1,2,4,4,1,2,0,1,2,1,2,2,2,1,1,2,4,4,2,3,4,0,17,16,0,1,0,0,0,0,0,0,0,1,0,1,0,0,0,1,0
"62",1,1,16,2,1,2,1,1,4,1,0,2,2,1,2,1,2,2,2,5,5,5,5,5,5,0,10,10,0,0,0,1,0,0,0,0,1,0,1,0,0,1,0,0,0
"63",1,1,16,2,2,2,1,2,1,2,0,2,1,1,2,2,2,2,1,4,4,3,1,1,1,0,13,13,0,0,1,0,0,0,0,0,1,0,1,0,0,0,0,0,1
"64",1,1,16,2,1,2,4,3,1,3,0,2,2,1,2,2,2,2,1,3,4,4,2,4,4,0,14,13,0,0,0,0,1,0,1,0,0,0,0,1,0,0,1,0,0
"65",1,1,15,2,2,2,4,3,1,2,0,2,1,1,2,2,2,2,2,4,4,4,2,4,2,0,13,12,0,0,0,1,0,0,0,0,1,0,1,0,0,0,0,0,1
"66",1,1,16,2,2,2,4,3,3,2,0,1,2,1,2,2,2,2,1,5,4,3,1,2,1,2,16,15,0,0,0,0,1,0,0,0,1,0,0,1,0,1,0,0,0
"67",1,2,15,2,1,1,4,4,1,4,0,1,2,1,2,1,2,2,2,1,3,3,5,5,3,0,11,12,0,0,1,0,0,0,0,0,1,0,0,1,0,0,0,0,1
"68",1,1,16,2,1,2,3,1,1,4,0,2,2,1,1,2,2,2,1,4,3,3,1,2,5,0,10,9,0,0,0,1,0,0,0,1,0,0,0,1,0,1,0,0,0
"69",1,1,15,1,2,2,2,2,2,2,0,2,2,1,1,2,2,2,1,4,1,3,1,3,4,0,11,10,0,1,0,0,0,0,0,0,1,0,0,1,0,0,0,0,1
"70",1,1,15,1,2,2,3,1,2,4,0,1,2,1,1,1,2,2,1,4,4,2,2,3,3,6,15,15,0,0,1,0,0,0,0,1,0,0,1,0,0,0,0,0,1
"71",1,2,16,2,1,2,3,1,2,4,0,1,2,1,1,2,2,2,1,4,3,2,1,1,5,2,13,11,0,0,1,0,0,0,0,1,0,0,1,0,0,0,0,0,1
"72",1,2,15,2,1,2,4,2,1,4,0,1,1,1,1,2,2,2,1,3,3,3,1,1,3,0,11,9,0,0,1,0,0,0,0,1,0,0,0,1,0,1,0,0,0
"73",1,1,15,1,1,2,1,1,1,2,0,2,2,1,1,1,2,2,2,3,3,4,2,4,5,2,13,11,0,0,1,0,0,0,0,1,0,0,0,1,0,0,0,0,1
"74",1,2,16,2,1,2,3,1,1,1,0,1,1,1,2,2,2,1,1,5,3,2,2,2,5,0,13,13,0,0,1,0,0,0,0,1,0,0,0,1,0,0,0,0,1
"75",1,1,16,2,1,2,3,3,1,2,0,2,2,1,2,2,2,2,1,4,3,3,2,4,5,4,11,11,0,0,1,0,0,0,0,0,1,0,0,1,0,0,1,0,0
"76",1,2,15,2,1,2,4,3,1,2,0,1,2,1,2,2,2,2,1,4,3,3,2,3,5,0,11,11,0,0,0,0,1,0,0,1,0,0,0,1,0,0,1,0,0
"77",1,2,15,2,1,2,4,0,2,4,0,1,1,1,2,2,2,2,1,3,4,3,1,1,1,0,12,11,0,0,0,0,1,0,0,1,0,0,0,1,0,1,0,0,0
"78",1,1,16,2,1,2,2,2,1,4,0,1,1,1,1,2,2,2,2,5,2,3,1,3,3,1,13,13,0,0,1,0,0,0,0,1,0,0,0,1,0,0,0,0,1
"79",1,2,17,2,1,2,2,1,2,1,3,2,2,1,2,2,1,2,1,4,5,1,1,1,3,0,9,9,0,0,1,0,0,0,0,1,0,0,0,1,0,0,1,0,0
"80",1,1,16,2,1,2,3,4,1,2,0,1,2,1,1,2,2,2,1,2,4,3,1,2,3,14,12,11,1,0,0,0,0,0,0,1,0,0,0,1,0,1,0,0,0
"81",1,2,15,2,1,2,2,3,1,1,0,2,2,1,2,1,2,2,2,3,2,2,1,3,3,0,11,11,0,0,1,0,0,0,0,0,1,0,1,0,0,1,0,0,0
"82",1,2,15,2,1,2,2,3,1,3,0,2,1,1,1,1,2,2,1,5,3,2,1,2,5,2,10,9,0,0,1,0,0,0,0,1,0,0,0,1,0,0,1,0,0
"83",1,1,15,2,2,2,3,2,1,2,0,1,2,1,1,2,2,2,1,4,4,4,1,1,5,4,12,11,0,0,0,1,0,0,0,1,0,0,0,1,0,0,0,0,1
"84",1,2,15,2,2,2,2,2,2,2,0,1,1,2,2,2,2,2,1,5,3,3,1,3,4,2,13,12,0,0,0,1,0,0,0,0,1,0,0,1,0,0,1,0,0
"85",1,1,15,2,1,2,1,1,1,2,0,1,2,1,2,1,2,2,1,4,3,2,2,3,4,2,13,12,0,0,1,0,0,0,0,1,0,0,1,0,0,0,1,0,0
"86",1,1,15,2,1,2,4,4,2,2,0,1,1,1,1,2,2,2,2,4,4,4,2,3,5,4,12,11,0,0,0,1,0,0,0,0,1,0,1,0,0,0,0,0,1
"87",1,1,16,2,2,2,2,2,1,2,0,1,2,1,1,2,2,1,1,4,3,4,1,2,2,6,13,11,1,0,0,0,0,0,0,1,0,0,0,1,0,1,0,0,0
"88",1,1,15,2,1,2,4,2,1,3,0,1,2,1,2,2,2,2,1,5,3,3,1,3,1,4,15,15,0,0,1,0,0,0,0,1,0,0,0,1,0,0,0,0,1
"89",1,2,16,2,1,2,2,2,2,2,0,1,1,1,2,1,2,2,1,4,4,2,1,1,3,6,12,10,0,0,0,1,0,0,0,1,0,0,1,0,0,0,0,0,1
"90",1,2,16,2,2,1,4,4,1,2,0,1,2,1,1,2,2,1,1,4,1,3,3,5,5,6,9,9,0,0,0,0,1,0,1,0,0,0,0,1,0,0,0,0,1
"91",1,1,16,2,1,2,3,3,1,3,0,1,2,1,1,2,2,2,2,4,3,3,1,3,4,2,9,11,0,0,1,0,0,0,0,1,0,0,0,1,0,0,1,0,0
"92",1,1,15,2,1,2,4,3,1,1,0,1,1,1,2,2,2,2,1,4,5,5,1,3,1,6,14,13,0,0,0,1,0,0,0,1,0,0,0,1,0,0,0,0,1
"93",1,1,16,2,2,2,3,1,1,2,0,2,2,1,1,2,2,1,1,3,3,3,2,3,2,0,12,13,0,0,1,0,0,0,0,1,0,0,1,0,0,0,1,0,0
"94",1,1,16,2,1,2,4,2,2,2,0,1,2,1,2,2,2,2,1,5,3,3,1,1,1,2,13,14,0,0,0,0,1,0,0,0,1,0,0,1,0,0,1,0,0
"95",1,2,15,2,2,2,2,2,1,4,0,1,2,1,2,2,2,2,1,4,3,4,1,1,4,2,11,12,0,0,0,1,0,0,1,0,0,0,0,1,0,0,0,0,1
"96",1,1,15,1,1,2,1,1,2,4,0,2,2,2,2,2,2,2,1,3,1,2,1,1,1,4,13,13,1,0,0,0,0,0,0,1,0,0,0,1,0,0,1,0,0
"97",1,2,16,1,1,2,4,3,2,1,0,2,2,2,2,1,2,2,1,3,3,3,1,1,4,6,9,11,0,0,0,1,0,0,0,1,0,0,0,1,0,0,0,0,1
"98",1,1,16,2,1,2,2,1,1,2,0,1,2,1,1,2,2,1,2,4,3,5,1,1,5,0,13,12,0,0,1,0,0,0,0,1,0,0,0,1,0,1,0,0,0
"99",1,1,16,2,1,2,4,4,1,1,0,1,1,1,2,1,2,2,1,5,3,4,1,2,1,4,12,13,0,0,1,0,0,0,0,1,0,0,0,1,0,0,0,0,1
"100",1,1,16,2,1,2,4,3,1,3,0,2,2,1,1,2,2,2,1,5,3,5,1,1,3,2,12,13,0,0,1,0,0,1,0,0,0,0,0,1,0,1,0,0,0
"101",1,2,16,2,1,2,4,4,1,1,0,2,2,1,2,2,2,2,1,4,5,5,5,5,4,12,9,9,0,0,0,1,0,0,0,0,1,0,0,1,0,0,0,1,0
"102",1,2,16,2,1,2,4,4,1,3,0,1,2,1,2,2,2,2,2,4,4,3,1,1,4,0,16,16,0,0,0,1,0,0,0,0,0,1,1,0,0,0,0,1,0
"103",1,2,15,2,1,2,4,4,1,1,0,1,2,2,2,1,2,2,1,5,3,3,1,1,5,2,12,13,0,0,0,1,0,0,0,1,0,0,0,1,0,1,0,0,0
"104",1,1,15,2,1,2,3,2,2,2,0,2,2,1,1,2,2,2,1,4,3,5,1,1,2,16,11,10,0,0,0,1,0,0,0,1,0,0,0,1,0,0,1,0,0
"105",1,2,15,2,1,1,3,4,1,2,0,1,2,1,2,2,2,2,1,5,4,4,1,1,1,0,16,16,0,0,0,1,0,0,0,1,0,0,0,1,0,1,0,0,0
"106",1,1,15,2,1,1,3,3,1,4,0,2,1,1,1,2,2,1,1,4,3,3,1,1,4,10,10,10,0,0,1,0,0,0,1,0,0,0,1,0,0,0,0,0,1
"107",1,1,15,2,1,2,2,2,1,4,0,2,2,1,1,2,2,2,1,5,1,2,1,1,3,4,10,10,0,0,1,0,0,0,0,1,0,0,0,1,0,1,0,0,0
"108",1,2,16,2,1,2,3,3,1,3,0,1,2,1,2,2,2,2,1,5,3,3,1,1,5,4,13,14,0,0,0,1,0,0,0,1,0,0,1,0,0,0,1,0,0
"109",1,2,15,1,1,2,4,4,4,4,0,1,2,1,2,2,2,2,2,1,3,5,3,5,1,8,12,10,0,0,1,0,0,0,0,1,0,0,1,0,0,0,1,0,0
"110",1,1,16,2,2,2,4,4,1,3,0,1,2,1,2,2,2,2,2,5,4,5,1,1,4,2,15,15,0,1,0,0,0,0,1,0,0,0,0,1,0,0,0,1,0
"111",1,2,15,2,2,1,4,4,1,1,0,1,1,1,2,2,2,2,1,5,5,3,1,1,4,4,13,14,0,0,0,0,1,0,0,0,0,1,0,1,0,1,0,0,0
"112",1,1,16,1,1,2,3,3,1,3,0,2,2,1,2,2,2,2,1,4,1,2,1,1,2,4,11,11,0,0,0,1,0,0,0,1,0,0,1,0,0,0,0,0,1
"113",1,1,16,2,1,2,2,2,1,2,1,2,1,1,2,2,2,2,1,3,1,2,1,1,5,12,8,10,1,0,0,0,0,0,0,1,0,0,0,1,0,0,1,0,0
"114",1,2,15,2,2,2,4,2,1,1,0,1,1,1,1,2,2,2,1,3,5,2,1,1,3,10,18,17,0,0,0,0,1,0,0,1,0,0,0,1,0,1,0,0,0
"115",1,2,15,1,1,2,2,1,1,2,0,1,1,1,2,2,2,2,2,5,4,2,1,1,5,4,10,9,0,1,0,0,0,0,0,0,1,0,0,1,0,0,0,0,1
"116",1,2,16,2,1,2,4,4,1,2,0,1,2,1,2,2,2,2,1,5,4,4,1,2,5,6,16,14,0,0,0,0,1,0,0,0,0,1,1,0,0,1,0,0,0
"117",1,2,15,2,1,2,4,4,2,2,0,1,2,1,2,2,2,1,1,4,4,3,1,1,2,4,16,15,0,0,1,0,0,0,0,0,0,1,1,0,0,0,0,0,1
"118",1,2,16,2,1,2,3,3,2,1,0,1,1,1,2,2,2,2,1,5,4,2,1,1,5,6,14,14,0,0,1,0,0,0,0,0,1,0,1,0,0,0,1,0,0
"119",1,2,17,1,1,2,1,3,3,2,1,1,2,1,2,2,2,2,1,5,2,4,1,4,5,14,12,11,0,0,1,0,0,0,0,1,0,0,1,0,0,1,0,0,0
"120",1,2,15,2,1,2,3,4,1,1,0,1,1,1,1,2,2,2,1,3,4,3,1,2,4,2,14,13,0,0,1,0,0,0,0,1,0,0,1,0,0,0,0,0,1
"121",1,1,15,2,1,2,1,2,1,2,0,1,1,1,1,1,2,2,1,3,2,3,1,2,1,0,14,14,1,0,0,0,0,0,0,0,1,0,0,1,0,1,0,0,0
"122",1,2,15,2,1,2,2,2,1,4,0,1,2,1,2,2,2,2,1,5,5,4,1,2,5,6,14,13,0,0,0,1,0,0,0,0,1,0,1,0,0,0,1,0,0
"123",1,1,16,2,2,2,2,4,2,2,0,1,2,1,2,2,2,2,2,4,2,2,1,2,5,2,14,12,0,0,1,0,0,0,1,0,0,0,1,0,0,1,0,0,0
"124",1,2,16,2,1,2,4,4,1,1,0,1,2,1,2,2,2,2,1,3,4,4,1,4,5,4,12,13,0,1,0,0,0,0,0,1,0,0,0,1,0,1,0,0,0
"125",1,1,16,2,1,2,2,2,1,2,0,1,1,1,1,2,2,2,2,5,4,4,1,1,5,0,12,11,0,0,1,0,0,0,0,1,0,0,0,1,0,0,1,0,0
"126",1,2,15,2,1,2,3,4,1,1,0,2,1,1,1,2,2,2,1,5,5,5,3,2,5,2,9,9,0,0,0,1,0,0,0,0,1,0,1,0,0,0,1,0,0
"127",1,1,15,2,2,1,3,4,1,2,0,2,1,1,2,2,2,2,2,5,3,2,1,1,1,0,10,11,0,0,1,0,0,0,0,1,0,0,0,1,0,0,1,0,0
"128",1,1,19,2,1,2,0,1,1,2,2,1,2,1,1,1,1,1,1,3,4,2,1,1,5,0,9,10,1,0,0,0,0,0,0,1,0,0,0,0,1,1,0,0,0
"129",1,2,16,1,1,2,4,4,1,1,0,1,1,1,2,2,2,2,1,3,5,5,2,5,4,8,14,14,0,0,0,0,1,0,0,0,0,1,0,1,0,1,0,0,0
"130",1,2,16,2,1,2,2,3,2,3,0,1,2,1,1,1,2,2,2,3,2,3,2,2,1,4,13,12,0,0,1,0,0,0,0,1,0,0,0,1,0,1,0,0,0
"131",1,1,15,1,1,2,3,4,2,3,0,1,2,1,1,2,2,2,2,4,2,2,2,2,5,0,10,11,0,0,0,1,0,0,0,0,0,1,1,0,0,1,0,0,0
"132",1,1,18,2,1,2,2,1,1,2,3,1,2,1,2,2,1,2,2,5,4,5,1,3,5,10,10,9,0,0,0,1,0,0,0,1,0,0,0,1,0,0,0,0,1
"133",1,1,17,2,2,1,2,1,3,1,0,1,2,1,1,2,2,2,1,3,2,2,1,2,5,8,11,10,0,0,1,0,0,0,0,1,0,0,0,1,0,1,0,0,0
"134",1,1,15,2,1,2,1,1,3,1,0,1,2,1,2,1,2,2,2,4,3,3,1,2,4,6,11,12,1,0,0,0,0,0,0,1,0,0,0,1,0,1,0,0,0
"135",1,1,17,2,2,2,2,2,1,1,0,1,2,1,1,2,2,2,2,3,4,4,1,3,5,2,13,12,0,0,1,0,0,0,0,1,0,0,1,0,0,1,0,0,0
"136",1,1,16,2,1,1,3,4,1,1,0,1,1,1,1,2,2,2,1,3,2,1,1,4,5,12,15,13,0,0,0,1,0,0,0,1,0,0,1,0,0,1,0,0,0
"137",1,2,16,2,1,2,2,1,4,1,0,1,1,1,1,2,2,1,1,3,2,1,1,1,2,4,9,9,1,0,0,0,0,0,0,1,0,0,0,1,0,1,0,0,0
"138",1,1,16,2,1,1,2,2,1,1,1,1,1,1,1,2,2,1,1,5,3,4,1,1,5,12,13,11,0,0,1,0,0,0,0,1,0,0,0,1,0,0,1,0,0
"139",1,2,15,1,1,2,3,4,4,2,0,1,2,1,1,2,2,1,2,5,3,3,1,1,5,2,12,11,1,0,0,0,0,0,0,0,0,1,0,1,0,1,0,0,0
"140",1,1,15,2,1,2,4,4,1,3,0,1,2,1,2,2,2,2,2,4,3,3,1,1,5,4,13,14,0,0,0,1,0,1,0,0,0,0,0,1,0,1,0,0,0
"141",1,2,17,1,1,2,3,4,3,2,0,1,1,1,1,2,2,1,1,5,4,5,2,4,5,2,10,9,1,0,0,0,0,0,0,1,0,0,0,1,0,1,0,0,0
"142",1,1,16,1,1,2,1,1,4,2,0,1,2,1,1,2,2,1,1,5,1,3,1,1,3,0,14,13,1,0,0,0,0,0,0,1,0,0,0,1,0,1,0,0,0
"143",1,2,18,2,2,2,3,1,2,1,0,1,1,1,2,2,2,2,2,3,3,4,4,5,4,2,11,11,0,0,0,1,0,0,0,0,1,0,0,1,0,1,0,0,0
"144",1,1,18,2,1,1,3,2,1,3,0,1,2,1,2,1,2,2,2,4,3,3,5,1,5,10,12,11,0,0,1,0,0,0,0,0,1,0,0,0,1,1,0,0,0
"145",1,1,16,1,1,2,1,1,2,1,0,1,2,1,2,2,2,1,2,3,3,3,1,2,1,8,12,11,0,0,1,0,0,0,0,0,1,0,0,1,0,0,0,0,1
"146",1,1,16,2,1,1,3,3,2,1,0,1,2,1,2,1,2,2,2,4,3,2,1,1,5,4,9,9,0,0,1,0,0,0,0,1,0,0,0,0,1,1,0,0,0
"147",1,2,16,2,2,2,1,1,1,2,2,1,1,1,1,2,2,1,2,4,4,4,1,3,5,0,10,10,0,0,0,1,0,0,0,1,0,0,0,1,0,1,0,0,0
"148",1,1,15,2,1,2,4,4,2,1,0,1,1,1,2,2,2,2,1,4,3,2,1,1,5,6,13,14,0,0,0,0,1,0,0,0,0,1,0,1,0,1,0,0,0
"149",1,1,15,1,1,2,1,1,3,1,1,1,1,1,2,2,2,2,2,5,5,5,1,1,1,2,8,9,0,0,1,0,0,0,0,1,0,0,0,1,0,1,0,0,0
"150",1,2,15,2,1,2,4,3,2,4,0,2,2,1,1,2,2,2,1,2,2,2,1,1,3,6,9,11,0,0,0,0,1,0,0,0,1,0,1,0,0,1,0,0,0
"151",1,1,15,2,1,1,3,3,1,2,0,1,1,1,1,1,2,1,2,1,3,2,2,3,1,24,9,8,0,0,0,1,0,0,0,0,1,0,0,1,0,0,1,0,0
"152",1,2,16,2,1,2,4,4,1,3,0,1,2,1,2,2,2,2,1,5,3,3,1,3,5,0,15,13,0,0,0,1,0,0,0,0,1,0,0,1,0,1,0,0,0
"153",1,2,16,2,2,2,2,2,2,1,0,1,2,1,2,2,2,2,1,2,3,3,2,2,2,4,12,11,0,0,0,1,0,0,0,0,1,0,1,0,0,0,0,0,1
"154",1,1,15,2,1,2,4,4,1,3,0,1,2,1,2,2,2,2,1,4,2,2,1,1,5,2,13,13,0,0,0,0,1,0,0,0,1,0,0,1,0,1,0,0,0
"155",1,1,16,2,2,2,1,1,1,1,0,1,1,1,1,2,2,2,1,3,4,4,3,3,1,4,10,11,1,0,0,0,0,1,0,0,0,0,0,1,0,1,0,0,0
"156",1,2,17,2,1,2,2,1,1,1,0,1,2,1,1,2,2,2,1,5,4,5,1,2,5,22,9,7,0,0,1,0,0,0,0,1,0,0,0,1,0,0,1,0,0
"157",1,1,15,2,1,2,1,1,1,2,0,1,2,1,1,2,2,2,1,4,4,2,1,2,5,0,12,12,0,0,1,0,0,0,0,0,1,0,1,0,0,1,0,0,0
"158",1,1,15,2,2,1,2,1,2,1,0,1,2,1,2,2,1,2,2,4,4,2,1,1,5,0,11,10,1,0,0,0,0,0,0,1,0,0,0,1,0,0,1,0,0
"159",1,1,15,2,1,2,3,2,1,2,1,1,2,1,1,2,2,2,1,3,3,2,1,1,3,2,11,11,0,1,0,0,0,0,0,0,1,0,1,0,0,0,1,0,0
"160",1,1,15,2,1,2,1,2,1,2,0,1,2,1,1,1,2,2,1,4,3,2,1,1,5,6,13,12,1,0,0,0,0,0,0,1,0,0,0,1,0,1,0,0,0
"161",1,1,15,2,1,2,1,2,1,2,0,1,1,1,1,1,2,1,2,2,3,4,2,4,1,6,11,11,1,0,0,0,0,0,0,0,1,0,1,0,0,1,0,0,0
"162",1,2,16,2,1,2,4,4,1,1,0,1,2,1,1,2,1,2,2,3,3,2,2,1,5,16,9,9,0,0,0,0,1,0,0,0,0,1,0,1,0,1,0,0,0
"163",1,2,15,2,2,1,2,1,4,1,0,1,1,1,1,2,2,2,1,4,5,5,2,5,5,0,12,11,0,0,0,1,0,0,0,1,0,0,0,1,0,1,0,0,0
"164",1,2,18,2,2,2,1,1,1,1,2,1,1,1,1,2,1,2,2,2,3,5,2,5,4,0,11,9,0,0,1,0,0,0,0,1,0,0,0,1,0,1,0,0,0
"165",1,2,16,2,2,2,2,1,1,1,1,1,1,1,2,2,2,1,2,4,4,4,3,5,5,6,9,10,1,0,0,0,0,0,0,1,0,0,0,1,0,1,0,0,0
"166",1,1,15,1,1,2,3,3,2,3,0,1,2,2,2,2,2,2,2,4,2,1,2,3,3,2,13,13,0,0,0,1,0,0,0,0,1,0,0,0,1,0,0,0,1
"167",1,2,19,2,1,2,3,2,1,1,0,1,2,1,1,2,1,2,2,4,5,4,1,1,4,6,11,9,0,0,0,1,0,1,0,0,0,0,0,1,0,0,1,0,0
"168",1,1,17,2,1,2,4,4,1,1,0,2,2,1,1,2,2,1,2,4,2,1,1,1,4,0,13,13,0,0,1,0,0,0,0,0,0,1,0,1,0,1,0,0,0
"169",1,2,15,1,1,2,2,3,1,2,0,2,1,2,2,2,2,1,1,4,4,4,1,1,1,0,7,8,1,0,0,0,0,0,0,0,1,0,0,1,0,1,0,0,0
"170",1,2,17,1,2,2,1,2,1,1,3,1,1,1,1,2,2,1,1,2,2,2,3,3,5,14,9,8,0,0,1,0,0,0,0,1,0,0,0,1,0,0,0,0,1
"171",1,1,18,1,1,2,1,1,3,1,3,1,2,1,2,1,2,1,1,5,2,5,1,5,4,6,11,10,1,0,0,0,0,0,0,1,0,0,0,1,0,1,0,0,0
"172",1,2,16,1,1,2,2,2,3,1,0,1,1,1,1,1,2,1,1,4,2,2,1,2,3,4,12,10,1,0,0,0,0,0,0,1,0,0,0,1,0,1,0,0,0
"173",1,2,16,2,1,2,3,3,1,2,1,1,2,1,1,2,2,2,2,4,5,5,4,4,5,0,10,10,0,0,1,0,0,0,0,0,1,0,1,0,0,1,0,0,0
"174",1,2,16,2,2,2,1,2,2,1,2,1,1,1,1,1,2,2,1,4,4,5,3,5,5,0,9,8,0,1,0,0,0,0,0,0,1,0,0,1,0,1,0,0,0
"175",1,2,17,1,2,2,2,1,2,1,1,1,1,2,2,2,1,2,2,3,3,2,2,2,5,8,8,8,1,0,0,0,0,0,0,1,0,0,0,1,0,1,0,0,0
"176",1,2,17,1,1,2,3,2,2,2,2,2,2,1,1,2,2,2,2,4,4,4,1,4,3,4,7,6,0,0,1,0,0,0,0,1,0,0,0,1,0,1,0,0,0
"177",1,2,15,2,2,2,1,2,2,1,0,1,1,1,2,2,2,1,1,4,4,4,2,4,5,2,8,9,0,0,1,0,0,0,0,1,0,0,0,1,0,1,0,0,0
"178",1,2,16,2,1,2,1,3,1,1,1,1,1,1,1,2,1,2,1,5,3,3,1,4,2,2,9,8,1,0,0,0,0,0,0,0,1,0,1,0,0,1,0,0,0
"179",1,2,17,1,2,2,1,1,4,2,0,1,1,1,2,2,1,1,2,5,3,5,1,5,5,0,8,8,0,0,1,0,0,0,0,0,1,0,0,1,0,1,0,0,0
"180",1,2,17,2,1,2,3,2,2,1,3,1,2,1,2,1,1,1,1,4,5,2,1,1,2,10,8,7,0,0,0,1,0,0,0,0,1,0,0,1,0,1,0,0,0
"181",1,2,16,2,1,2,2,2,1,2,0,1,1,1,1,2,1,2,1,4,3,5,2,4,4,0,9,10,0,0,1,0,0,0,0,1,0,0,1,0,0,1,0,0,0
"182",1,1,16,2,1,2,4,2,1,2,0,1,1,1,1,2,2,2,2,4,2,3,1,1,3,0,17,17,0,1,0,0,0,0,0,0,1,0,1,0,0,0,1,0,0
"183",1,1,16,2,1,2,2,2,1,2,0,1,2,1,1,1,2,2,1,5,1,5,1,1,4,0,12,12,0,0,1,0,0,0,0,1,0,0,0,1,0,0,1,0,0
"184",1,1,16,2,1,2,4,4,1,2,0,1,2,1,1,2,2,2,2,4,4,2,1,1,3,0,16,16,0,1,0,0,0,0,1,0,0,0,0,1,0,0,0,0,1
"185",1,2,16,2,1,2,3,4,3,1,1,1,2,1,2,1,2,2,1,3,4,5,2,4,2,4,9,9,0,0,1,0,0,0,0,1,0,0,1,0,0,1,0,0,0
"186",1,2,16,2,1,2,1,0,2,2,0,1,2,1,2,2,2,2,2,4,3,2,1,1,3,0,16,17,0,0,1,0,0,0,0,1,0,0,0,1,0,0,0,0,1
"187",1,2,17,2,2,2,4,4,1,2,0,1,2,1,2,2,2,2,1,4,4,4,1,3,5,0,11,9,0,0,0,0,1,0,0,1,0,0,0,1,0,0,0,0,1
"188",1,1,16,2,1,2,1,3,1,2,0,1,1,1,2,1,2,2,2,4,3,5,1,1,3,0,14,13,1,0,0,0,0,0,0,0,1,0,0,1,0,0,1,0,0
"189",1,1,16,2,2,2,3,3,2,2,0,1,2,1,2,2,2,2,1,4,4,5,1,1,4,0,14,14,0,0,1,0,0,0,0,1,0,0,0,1,0,0,0,0,1
"190",1,2,17,2,2,2,4,3,2,2,0,1,1,1,2,2,2,2,1,4,4,4,4,4,4,0,10,11,0,0,0,0,1,0,0,1,0,0,0,1,0,1,0,0,0
"191",1,1,16,2,1,2,2,2,2,2,0,1,1,1,2,1,2,2,1,3,4,4,1,4,5,0,13,12,0,0,0,1,0,0,0,1,0,0,0,1,0,0,0,0,1
"192",1,2,17,2,1,2,3,3,1,2,0,1,1,1,2,1,2,2,1,4,3,4,1,4,4,4,11,9,0,0,1,0,0,0,0,1,0,0,1,0,0,0,0,0,1
"193",1,2,16,1,1,2,4,2,1,1,0,1,2,1,2,2,2,2,2,4,3,3,3,4,3,8,10,9,0,0,0,0,1,0,0,0,1,0,0,1,0,0,0,1,0
"194",1,2,17,2,1,2,4,3,1,2,0,1,2,2,2,2,2,2,2,5,2,3,1,1,2,4,11,11,0,0,1,0,0,0,0,1,0,0,0,1,0,1,0,0,0
"195",1,2,16,2,1,2,4,3,1,2,0,1,2,2,2,2,2,2,1,3,4,3,2,3,3,4,11,10,0,0,0,0,1,0,0,1,0,0,0,1,0,0,1,0,0
"196",1,2,16,2,1,2,3,3,1,2,0,1,1,1,2,2,2,2,2,4,2,3,1,2,3,0,11,12,0,0,0,1,0,0,0,1,0,0,0,1,0,0,1,0,0
"197",1,1,17,2,1,2,2,4,1,2,0,1,2,1,2,2,2,1,1,5,4,2,2,3,5,0,17,18,0,0,0,1,0,0,0,0,1,0,1,0,0,0,0,0,1
"198",1,1,17,2,2,2,3,3,1,2,0,1,2,1,2,2,2,2,2,5,3,3,2,3,1,32,14,13,0,0,1,0,0,0,0,1,0,0,0,1,0,0,0,0,1
"199",1,1,16,2,1,2,3,2,1,2,0,1,2,1,1,2,2,2,1,1,2,2,1,2,1,8,14,15,0,0,1,0,0,0,0,1,0,0,0,1,0,0,0,0,1
"200",1,2,17,2,1,2,3,3,1,2,0,1,2,1,2,2,2,2,2,4,3,4,2,3,4,6,11,13,0,0,0,1,0,0,0,0,1,0,0,1,0,0,0,1,0
"201",1,2,16,2,1,2,1,2,1,1,0,1,2,1,2,2,2,2,2,3,3,3,1,2,3,0,10,9,0,0,0,1,0,0,0,0,1,0,0,1,0,0,0,1,0
"202",1,2,16,2,2,2,2,1,1,2,0,1,1,1,2,2,2,2,2,4,2,3,1,2,5,0,13,14,0,0,1,0,0,0,0,1,0,0,0,1,0,1,0,0,0
"203",1,1,17,2,1,1,3,3,1,2,0,1,2,1,1,1,2,2,2,3,3,3,1,3,3,10,12,13,0,1,0,0,0,0,0,1,0,0,0,1,0,0,0,0,1
"204",1,2,17,1,1,2,1,2,1,2,0,1,1,1,1,2,2,1,1,3,1,3,1,5,3,6,9,9,1,0,0,0,0,0,0,1,0,0,0,1,0,0,1,0,0
"205",1,1,16,2,1,2,2,3,1,2,0,1,1,1,1,2,2,2,1,4,3,3,1,1,2,6,12,12,0,0,0,1,0,0,0,0,1,0,0,1,0,1,0,0,0
"206",1,1,17,2,1,2,1,1,1,2,0,1,1,1,2,2,2,2,1,5,3,3,1,1,3,0,12,11,1,0,0,0,0,0,0,0,1,0,0,1,0,1,0,0,0
"207",1,2,17,2,1,2,1,2,2,2,0,1,1,1,2,1,2,2,1,4,4,4,4,5,5,16,10,11,1,0,0,0,0,0,0,0,1,0,0,0,1,0,0,1,0
"208",1,2,16,1,1,2,3,3,1,1,0,1,2,1,2,2,2,2,1,4,3,2,3,4,5,0,11,10,0,0,0,1,0,0,0,0,1,0,0,1,0,0,0,0,1
"209",1,2,16,2,1,2,2,3,2,1,0,1,1,1,1,2,2,2,1,5,3,3,1,1,3,0,13,12,0,0,1,0,0,0,0,1,0,0,1,0,0,0,1,0,0
"210",1,1,17,2,2,2,2,4,1,2,0,1,1,1,2,2,2,2,2,4,3,2,1,1,5,8,14,15,0,0,0,1,0,0,0,0,1,0,1,0,0,1,0,0,0
"211",1,2,17,2,1,2,4,4,1,1,0,1,1,1,1,2,2,2,1,5,2,3,1,2,5,4,13,13,0,0,0,1,0,0,0,0,0,1,0,1,0,0,1,0,0
"212",1,2,16,1,2,2,3,3,3,1,0,1,2,1,2,2,2,2,1,3,3,4,3,5,3,16,10,11,0,0,0,0,1,0,0,1,0,0,1,0,0,0,1,0,0
"213",1,1,17,2,1,2,4,4,2,1,1,1,2,1,1,2,2,2,1,4,2,4,2,3,2,30,14,15,0,0,0,1,0,0,0,0,0,1,0,1,0,0,1,0,0
"214",1,1,16,2,2,2,4,4,1,2,0,1,2,1,1,2,2,2,1,4,5,2,1,2,3,0,11,10,0,0,0,0,1,0,0,0,0,1,0,1,0,0,0,0,1
"215",1,1,16,2,1,2,4,3,1,2,0,1,2,1,2,2,2,2,1,4,3,5,1,5,2,2,14,14,0,1,0,0,0,0,0,1,0,0,0,1,0,0,1,0,0
"216",1,1,16,2,1,2,2,3,1,2,0,2,2,1,2,2,2,1,1,4,4,3,1,3,4,4,11,12,0,0,1,0,0,0,0,1,0,0,0,1,0,0,0,0,1
"217",1,1,17,2,1,2,1,1,1,2,0,1,2,1,1,1,2,1,1,4,4,4,1,3,1,0,14,15,0,0,1,0,0,0,0,1,0,0,0,1,0,1,0,0,0
"218",1,1,17,1,1,2,2,2,1,1,0,1,2,1,1,2,2,2,1,5,3,2,1,2,3,21,13,13,0,0,1,0,0,0,0,1,0,0,0,1,0,0,0,0,1
"219",1,1,16,1,1,2,2,2,2,4,0,1,2,1,2,1,2,2,1,5,3,5,1,1,5,6,13,13,0,0,0,1,0,0,0,0,1,0,0,1,0,0,0,0,1
"220",1,1,17,2,1,2,3,4,1,3,1,1,2,2,1,2,2,2,2,4,4,3,3,4,5,14,8,9,1,0,0,0,0,0,0,0,1,0,0,1,0,0,1,0,0
"221",1,1,16,2,1,1,3,1,1,2,0,1,2,1,1,2,2,2,1,2,3,3,2,2,4,2,11,11,0,0,0,1,0,0,0,1,0,0,0,1,0,1,0,0,0
"222",1,1,16,2,1,2,4,3,1,2,0,1,1,1,2,2,2,2,2,1,3,2,1,1,1,4,14,15,0,0,0,0,1,0,0,1,0,0,0,1,0,0,0,1,0
"223",1,1,16,2,1,2,1,1,2,1,0,1,2,1,1,2,2,1,1,4,3,2,1,4,5,2,12,13,1,0,0,0,0,0,0,1,0,0,0,1,0,0,1,0,0
"224",1,1,17,1,1,2,4,3,2,3,0,1,2,1,2,2,2,2,2,4,4,2,1,1,4,0,11,12,0,0,0,0,1,0,0,1,0,0,0,1,0,0,0,0,1
"225",1,1,19,2,1,2,3,3,1,4,0,1,2,1,2,2,2,2,1,4,3,3,1,2,3,4,12,12,0,0,1,0,0,0,0,1,0,0,0,0,1,0,0,0,1
"226",1,2,17,2,2,2,4,4,1,2,0,1,2,1,1,2,2,2,2,5,3,5,4,5,3,15,13,12,0,0,0,1,0,0,0,1,0,0,0,1,0,0,1,0,0
"227",1,1,16,2,1,1,2,2,1,2,0,2,2,1,1,2,2,2,1,3,3,4,1,1,4,0,13,13,0,0,1,0,0,0,0,1,0,0,0,1,0,0,0,0,1
"228",1,2,18,2,1,2,2,2,1,2,0,1,2,1,2,2,2,2,1,4,4,4,2,4,5,10,12,11,0,0,0,1,0,0,0,1,0,0,0,1,0,0,1,0,0
"229",1,1,17,1,2,2,4,4,1,1,0,1,2,1,1,2,2,1,1,5,2,1,1,2,3,6,12,11,0,0,0,1,0,0,0,1,0,0,0,1,0,0,0,1,0
"230",1,1,17,2,2,2,3,2,2,2,0,1,1,1,1,2,2,2,1,4,4,4,1,3,1,2,14,16,0,0,1,0,0,0,0,1,0,0,0,1,0,0,0,0,1
"231",1,1,17,2,1,2,4,3,1,2,0,1,1,1,1,2,2,2,2,3,4,5,2,4,1,16,11,9,0,0,1,0,0,0,0,1,0,0,0,1,0,0,0,0,1
"232",1,2,18,2,2,2,3,3,1,2,0,1,2,1,1,2,2,2,1,3,2,4,2,4,4,10,10,10,0,0,0,1,0,0,1,0,0,0,1,0,0,0,1,0,0
"233",1,1,17,2,1,2,2,3,2,1,0,1,2,1,1,2,2,1,1,3,3,3,1,4,3,4,12,13,1,0,0,0,0,0,0,1,0,0,1,0,0,0,1,0,0
"234",1,1,17,2,1,2,2,2,1,3,0,1,2,1,2,2,2,2,1,4,3,3,1,1,4,0,12,12,1,0,0,0,0,1,0,0,0,0,0,1,0,1,0,0,0
"235",1,1,17,1,1,2,2,1,2,2,0,1,2,1,2,2,2,2,1,4,2,5,1,2,5,0,11,10,1,0,0,0,0,0,0,0,1,0,0,1,0,0,0,0,1
"236",1,1,17,2,1,2,1,1,1,3,0,1,2,1,2,2,2,1,2,4,3,4,1,1,5,12,12,12,1,0,0,0,0,0,0,1,0,0,0,1,0,0,0,0,1
"237",1,1,16,2,1,2,2,3,1,2,0,2,1,1,1,2,2,2,1,2,3,1,1,1,3,0,13,13,0,0,0,1,0,0,0,0,0,1,0,1,0,0,0,1,0
"238",1,2,18,2,1,2,2,2,2,2,3,1,2,2,1,2,2,2,1,3,3,3,5,5,4,9,10,9,0,0,1,0,0,0,0,1,0,0,0,1,0,0,1,0,0
"239",1,1,16,2,1,2,4,4,1,3,0,1,2,1,2,1,2,2,1,5,3,2,1,1,5,4,15,16,0,0,0,0,1,0,0,0,1,0,0,1,0,0,1,0,0
"240",1,1,18,1,1,2,3,1,1,2,0,1,1,1,2,2,2,2,2,5,3,3,1,1,4,4,8,8,0,0,1,0,0,0,0,1,0,0,0,1,0,0,0,0,1
"241",1,1,17,2,1,2,3,2,1,2,0,1,1,1,2,1,2,2,1,5,3,4,1,3,3,2,17,18,0,0,1,0,0,0,0,1,0,0,0,1,0,1,0,0,0
"242",1,2,17,2,2,2,2,3,1,2,0,1,2,1,1,1,2,2,1,5,3,3,1,3,3,0,10,11,0,0,0,1,0,0,0,0,1,0,1,0,0,0,0,0,1
"243",1,2,18,2,2,2,2,1,4,2,0,2,2,1,2,2,2,2,2,4,3,2,4,5,3,2,9,10,1,0,0,0,0,0,0,1,0,0,0,1,0,1,0,0,0
"244",1,1,17,2,1,1,2,1,2,3,0,1,1,1,2,2,2,2,2,3,2,3,1,2,3,0,15,15,0,0,1,0,0,0,0,1,0,0,0,1,0,1,0,0,0
"245",1,1,17,2,2,2,4,3,1,2,0,1,1,1,2,2,2,2,2,3,2,3,1,2,3,0,14,12,0,1,0,0,0,0,0,1,0,0,1,0,0,0,0,0,1
"246",1,2,17,1,1,2,2,2,2,2,0,1,2,1,2,2,2,2,1,4,5,2,1,1,1,0,12,13,0,0,1,0,0,0,0,1,0,0,1,0,0,1,0,0,0
"247",1,2,17,2,1,2,4,4,1,2,0,2,2,1,2,2,2,2,2,4,5,5,1,3,2,0,13,13,0,0,0,0,1,0,0,0,0,1,0,1,0,0,0,0,1
"248",1,2,16,2,1,2,4,4,1,2,0,1,2,1,2,2,2,2,1,4,2,4,2,4,1,0,13,13,0,1,0,0,0,0,0,1,0,0,1,0,0,0,0,0,1
"249",1,2,16,2,2,2,1,1,2,2,0,1,2,1,1,2,2,2,1,3,4,2,1,1,5,2,9,9,0,0,1,0,0,0,0,1,0,0,0,1,0,0,1,0,0
"250",1,2,16,2,1,2,3,2,2,3,0,1,1,1,2,2,2,2,2,5,3,3,1,3,2,0,12,12,1,0,0,0,0,0,0,1,0,0,0,1,0,0,0,0,1
"251",1,2,17,2,2,2,2,2,1,2,0,1,1,1,2,1,2,2,2,4,4,2,5,5,4,0,16,16,0,0,1,0,0,0,0,1,0,0,1,0,0,0,1,0,0
"252",1,1,16,2,1,2,2,1,1,1,0,1,1,1,1,2,2,2,2,4,5,2,1,1,5,4,9,10,0,0,1,0,0,0,0,1,0,0,0,1,0,0,1,0,0
"253",1,1,16,2,1,1,4,1,1,2,0,1,1,1,2,2,2,2,2,5,3,3,1,2,5,0,14,13,0,0,1,0,0,0,0,1,0,0,0,1,0,0,1,0,0
"254",1,1,18,2,2,1,2,4,2,2,1,1,2,1,1,2,2,2,1,4,3,3,1,1,3,18,10,10,0,0,0,1,0,0,0,1,0,0,0,1,0,1,0,0,0
"255",1,1,18,2,2,2,2,2,1,2,1,1,2,1,1,1,2,2,2,5,3,1,1,1,5,16,9,8,1,0,0,0,0,0,0,0,1,0,0,1,0,1,0,0,0
"256",1,1,18,2,1,2,3,3,2,1,1,1,1,1,1,2,1,2,1,4,1,1,1,1,3,14,8,7,0,0,1,0,0,0,0,1,0,0,0,1,0,1,0,0,0
"257",1,2,18,2,1,2,2,2,1,1,1,1,2,1,2,1,1,2,2,4,4,3,2,2,1,26,7,8,0,0,1,0,0,1,0,0,0,0,0,0,1,1,0,0,0
"258",1,2,17,2,1,2,4,4,1,1,0,1,2,1,2,1,2,2,1,4,2,1,1,2,5,6,10,8,0,0,0,0,1,0,0,0,0,1,0,1,0,1,0,0,0
"259",1,1,17,2,1,2,3,2,1,2,0,1,1,1,2,2,2,1,1,5,4,2,1,1,3,4,14,14,0,0,1,0,0,0,0,1,0,0,1,0,0,1,0,0,0
"260",1,1,17,2,2,2,1,1,1,3,0,1,2,1,2,2,2,2,2,4,3,2,1,2,4,10,11,10,1,0,0,0,0,1,0,0,0,0,0,1,0,1,0,0,0
"261",1,1,16,2,1,2,1,2,1,1,0,1,1,1,1,2,1,2,1,5,3,5,1,2,5,4,12,11,0,0,1,0,0,0,0,1,0,0,0,1,0,1,0,0,0
"262",1,1,17,1,1,2,2,1,3,2,0,1,1,1,2,2,2,1,1,2,1,1,1,1,3,2,13,13,1,0,0,0,0,0,0,0,1,0,0,1,0,1,0,0,0
"263",1,1,17,1,2,1,1,4,4,1,1,1,2,1,1,2,2,2,1,5,5,4,1,1,5,14,9,9,0,0,1,0,0,0,0,1,0,0,0,0,1,1,0,0,0
"264",1,2,18,2,1,2,2,2,1,2,0,1,1,1,1,2,1,2,1,5,5,4,3,5,2,16,8,7,0,0,1,0,0,0,0,0,1,0,1,0,0,0,0,0,1
"265",1,1,17,2,2,1,2,2,1,1,1,1,2,1,1,1,1,2,1,3,1,2,1,1,1,8,11,9,0,0,1,0,0,0,0,1,0,0,0,1,0,0,1,0,0
"266",1,1,17,1,2,2,1,1,2,3,0,1,1,1,2,2,2,2,1,4,3,3,1,3,5,4,15,14,1,0,0,0,0,0,0,1,0,0,0,1,0,1,0,0,0
"267",1,1,17,2,2,1,4,2,1,2,0,1,2,1,2,2,2,1,1,4,3,2,1,1,4,4,15,14,0,0,0,0,1,0,0,1,0,0,0,1,0,1,0,0,0
"268",1,2,17,2,2,2,4,3,2,2,0,1,1,1,2,2,2,2,2,2,5,5,1,4,5,8,15,15,0,1,0,0,0,0,0,1,0,0,0,1,0,1,0,0,0
"269",1,2,17,1,2,1,4,4,2,2,0,1,2,1,1,2,2,2,1,3,3,3,2,3,4,0,12,12,0,0,0,0,1,0,0,1,0,0,0,1,0,1,0,0,0
"270",1,2,16,2,2,2,4,3,1,1,0,1,1,1,2,1,2,2,1,5,4,5,1,1,3,7,14,14,0,0,0,0,1,0,0,1,0,0,0,1,0,1,0,0,0
"271",1,2,16,2,1,2,4,4,1,1,0,1,1,2,2,2,2,2,1,5,3,2,1,2,5,4,14,15,0,0,0,1,0,0,0,0,1,0,0,1,0,1,0,0,0
"272",1,1,17,2,1,2,4,4,1,2,0,1,2,2,1,2,2,2,2,5,3,1,1,4,5,2,11,11,0,0,0,0,1,0,0,0,1,0,0,1,0,1,0,0,0
"273",1,2,17,1,1,2,1,1,2,3,0,1,1,1,1,1,2,2,2,4,3,3,1,1,1,2,13,14,0,0,1,0,0,0,0,1,0,0,1,0,0,0,1,0,0
"274",1,1,17,2,1,2,3,3,2,3,0,1,2,1,1,2,2,2,2,4,2,2,2,3,5,10,11,11,0,0,0,1,0,0,0,1,0,0,0,1,0,0,1,0,0
"275",1,1,17,2,1,2,1,1,1,2,0,2,1,1,1,1,2,1,2,4,3,2,1,1,4,10,10,9,1,0,0,0,0,0,0,1,0,0,0,1,0,1,0,0,0
"276",1,1,18,2,1,2,2,1,2,3,0,1,2,1,1,1,2,2,2,4,4,4,1,1,3,10,12,10,0,0,1,0,0,0,0,1,0,0,0,0,1,1,0,0,0
"277",1,2,16,2,1,2,2,1,3,1,0,1,1,1,1,2,2,2,1,4,3,3,1,1,4,7,15,16,0,0,1,0,0,0,0,1,0,0,0,1,0,1,0,0,0
"278",1,1,17,2,1,2,1,1,1,2,0,1,2,1,1,2,2,1,1,4,3,4,1,2,5,4,11,10,0,0,1,0,0,0,0,0,1,0,1,0,0,1,0,0,0
"279",1,2,17,2,1,2,2,3,2,1,0,1,1,1,1,2,2,2,1,5,2,2,1,1,2,2,9,12,0,0,1,0,0,0,0,1,0,0,1,0,0,1,0,0,0
"280",1,2,22,2,1,2,3,1,1,1,3,1,1,1,1,1,1,2,2,5,4,5,5,5,1,12,7,8,0,0,0,1,0,0,0,0,1,0,0,1,0,0,0,1,0
"281",1,2,18,1,2,2,3,3,1,2,0,1,2,1,1,2,2,2,2,4,3,3,1,3,5,8,10,9,0,0,1,0,0,0,0,0,1,0,0,1,0,1,0,0,0
"282",1,2,16,2,1,2,0,2,1,1,0,1,1,1,1,1,2,2,1,4,3,2,2,4,5,0,11,12,0,0,1,0,0,0,0,1,0,0,0,1,0,0,0,1,0
"283",1,2,18,2,1,2,3,2,2,1,0,1,1,1,1,2,1,2,1,4,4,5,2,4,5,8,7,8,0,0,0,1,0,0,0,1,0,0,0,1,0,1,0,0,0
"284",1,2,16,2,1,2,3,3,3,2,1,2,2,1,1,1,2,2,1,5,3,3,1,3,2,4,9,11,1,0,0,0,0,0,0,1,0,0,0,0,1,0,0,0,1
"285",1,2,18,2,1,2,2,1,1,1,2,1,1,1,1,1,1,2,1,3,2,5,2,5,5,4,7,8,0,0,0,1,0,0,0,0,1,0,0,1,0,0,0,1,0
"286",1,2,16,1,1,2,2,1,2,1,0,1,1,1,2,1,2,1,1,3,3,2,1,3,3,2,14,13,0,0,1,0,0,0,0,1,0,0,0,1,0,1,0,0,0
"287",1,2,17,1,1,2,2,1,1,1,0,1,1,1,1,1,2,2,1,4,4,2,2,4,5,0,12,12,0,0,1,0,0,0,0,1,0,0,0,1,0,1,0,0,0
"288",1,2,17,2,2,2,1,1,2,1,1,1,2,1,2,2,2,2,1,4,4,4,1,2,5,0,9,10,0,1,0,0,0,0,0,1,0,0,0,1,0,1,0,0,0
"289",1,1,18,2,2,1,2,1,1,2,0,1,2,1,1,1,2,2,2,4,3,4,1,3,5,2,12,12,0,0,1,0,0,0,0,1,0,0,0,1,0,1,0,0,0
"290",1,1,17,2,2,2,4,2,1,4,0,1,2,1,2,2,2,2,1,4,2,3,1,1,4,2,14,15,0,0,0,0,1,0,0,0,1,0,0,1,0,0,0,0,1
"291",1,1,19,2,1,2,2,2,1,2,0,1,2,1,1,2,2,2,1,4,3,3,1,1,5,0,10,10,0,0,0,1,0,0,0,0,1,0,0,1,0,0,1,0,0
"292",1,2,18,2,2,2,2,1,3,2,1,1,1,1,2,1,1,2,1,4,4,5,4,4,5,4,11,10,0,0,0,1,0,0,0,1,0,0,0,1,0,1,0,0,0
"293",1,1,17,1,1,2,4,2,1,3,0,1,2,1,2,2,2,2,1,4,3,4,1,3,5,2,11,12,0,0,1,0,0,0,0,1,0,0,0,1,0,1,0,0,0
"294",1,1,18,2,2,2,1,1,1,3,0,1,2,1,1,1,2,1,1,4,4,3,2,3,3,4,11,12,0,0,1,0,0,1,0,0,0,0,0,1,0,0,1,0,0
"295",1,1,18,1,1,2,2,2,1,2,0,2,1,1,1,2,2,1,1,3,2,3,1,1,5,4,11,11,0,0,1,0,0,0,0,1,0,0,0,1,0,0,1,0,0
"296",1,2,19,2,2,1,4,3,1,2,0,1,2,1,1,2,2,2,1,4,3,1,1,1,1,4,11,13,0,0,0,1,0,1,0,0,0,0,0,1,0,0,0,0,1
"297",1,2,18,2,1,2,2,1,1,2,0,1,1,1,2,2,2,2,1,5,2,4,1,2,4,2,16,16,0,0,1,0,0,0,0,1,0,0,0,1,0,0,1,0,0
"298",1,2,17,1,1,2,2,2,2,1,0,1,1,1,1,1,1,1,1,5,2,2,1,1,4,0,9,10,0,0,1,0,0,0,0,0,1,0,0,1,0,0,0,1,0
"299",1,1,17,2,2,2,2,2,1,4,0,1,1,1,2,2,2,2,2,3,4,1,1,1,2,2,10,11,0,0,0,1,0,0,0,0,1,0,1,0,0,1,0,0,0
"300",1,1,20,1,1,2,2,1,2,2,0,1,2,2,2,2,1,2,2,1,2,3,1,2,2,8,10,12,0,0,1,0,0,0,0,1,0,0,0,0,1,1,0,0,0
"301",1,1,18,2,1,2,4,3,1,2,0,1,2,1,1,2,2,2,2,3,1,2,1,3,2,2,15,15,0,0,0,1,0,0,0,1,0,0,1,0,0,0,1,0,0
"302",1,2,18,2,1,2,4,3,1,2,0,1,2,1,1,1,2,2,1,4,3,2,1,1,3,2,10,10,0,0,0,0,1,0,0,1,0,0,0,1,0,1,0,0,0
"303",1,2,18,1,1,2,3,2,1,3,0,1,1,1,2,1,2,1,1,5,3,2,1,1,3,2,10,11,0,0,1,0,0,0,0,1,0,0,0,1,0,1,0,0,0
"304",1,1,17,2,1,2,3,3,1,3,0,1,1,1,2,1,2,1,1,3,2,3,1,1,4,2,15,12,0,0,1,0,0,0,0,1,0,0,0,1,0,0,1,0,0
"305",1,1,18,2,1,2,2,2,1,3,0,1,2,1,2,2,2,2,2,4,3,3,1,1,3,0,11,12,1,0,0,0,0,0,0,0,1,0,0,1,0,0,1,0,0
"306",1,2,17,2,1,2,2,2,2,1,0,1,1,1,1,2,1,2,1,4,4,4,2,3,4,8,8,8,0,0,1,0,0,0,0,1,0,0,1,0,0,0,1,0,0
"307",1,2,18,1,2,1,3,4,2,2,0,1,2,1,2,2,2,2,1,4,2,5,3,4,1,6,15,16,0,0,1,0,0,0,0,1,0,0,0,1,0,0,0,0,1
"308",1,2,17,2,1,2,3,1,1,2,0,1,1,1,2,2,2,2,2,5,4,4,3,4,5,0,11,11,0,0,0,1,0,0,0,1,0,0,0,1,0,0,0,1,0
"309",1,1,18,1,1,2,4,4,2,2,0,1,1,1,2,2,2,2,1,4,3,4,2,2,4,8,10,11,0,0,0,0,1,0,0,1,0,0,0,1,0,0,0,0,1
"310",1,2,18,2,1,2,4,2,1,2,0,1,2,1,2,2,2,2,2,5,4,5,1,3,5,4,10,12,0,1,0,0,0,0,0,1,0,0,1,0,0,0,0,0,1
"311",1,1,18,1,1,2,2,1,2,2,0,1,2,1,1,2,1,2,2,4,3,5,1,2,3,12,8,9,0,0,1,0,0,0,0,1,0,0,0,1,0,0,0,0,1
"312",1,1,19,2,1,2,3,3,1,2,0,1,2,1,2,2,2,2,1,4,3,5,3,3,5,16,11,12,0,0,1,0,0,0,0,0,1,0,0,0,1,0,1,0,0
"313",1,1,18,2,1,2,2,3,1,4,0,1,2,1,2,2,2,2,2,4,5,5,1,3,2,10,16,16,0,0,1,0,0,0,0,0,1,0,1,0,0,0,0,0,1
"314",1,1,18,2,2,2,1,1,2,2,0,1,2,1,1,1,2,1,1,4,4,3,1,1,3,2,13,13,0,0,1,0,0,0,0,1,0,0,0,1,0,0,1,0,0
"315",1,2,17,1,1,2,1,2,1,2,0,1,2,1,2,1,2,1,2,3,5,2,2,2,1,2,16,17,1,0,0,0,0,1,0,0,0,0,0,1,0,0,1,0,0
"316",1,1,18,2,1,2,2,1,1,2,0,1,2,1,1,2,2,2,2,4,2,5,1,2,1,8,14,14,0,0,1,0,0,0,0,1,0,0,0,1,0,0,1,0,0
"317",1,1,17,2,1,2,2,4,2,2,0,1,2,1,1,2,2,2,2,4,3,3,1,1,1,6,15,16,1,0,0,0,0,0,1,0,0,0,0,1,0,0,0,0,1
"318",1,1,17,2,2,2,2,2,2,2,0,2,2,1,1,2,2,2,2,4,4,4,2,3,5,6,12,12,0,0,0,1,0,0,0,1,0,0,0,1,0,1,0,0,0
"319",1,1,18,1,1,1,3,2,2,2,0,1,1,1,1,1,1,2,2,4,1,1,1,1,5,15,12,9,0,0,1,0,0,0,0,0,1,0,0,1,0,0,1,0,0
"320",1,2,18,2,1,2,4,4,2,1,0,1,1,1,2,2,2,2,1,3,2,4,1,4,3,6,11,12,0,0,0,0,1,0,0,0,1,0,0,1,0,0,1,0,0
"321",1,1,18,2,1,2,4,4,1,2,1,2,2,1,2,2,2,2,2,2,4,4,1,1,4,2,14,12,0,1,0,0,0,0,1,0,0,0,1,0,0,0,0,0,1
"322",1,1,17,2,1,2,2,2,3,3,0,1,2,1,1,2,2,2,2,4,2,3,1,1,1,8,13,15,0,0,1,0,0,0,0,0,1,0,1,0,0,0,0,0,1
"323",1,1,19,1,1,2,3,2,1,2,1,2,2,1,1,2,1,2,1,3,3,3,4,3,3,0,9,8,0,0,0,1,0,0,0,0,1,0,1,0,0,0,0,0,1
"324",1,2,18,2,2,2,4,3,2,1,0,1,1,1,2,2,2,2,1,4,2,3,1,2,1,0,10,10,0,0,0,0,1,0,0,0,1,0,0,1,0,1,0,0,0
"325",1,2,18,2,1,2,1,2,2,1,0,1,1,1,1,1,1,2,1,3,4,4,2,4,4,10,10,10,1,0,0,0,0,0,0,1,0,0,0,0,1,0,1,0,0
"326",1,2,17,2,2,1,4,1,2,1,0,1,1,1,2,2,2,2,2,4,5,4,2,4,5,22,11,11,0,0,0,1,0,0,0,1,0,0,0,1,0,0,1,0,0
"327",1,2,17,2,2,1,3,2,1,1,0,1,1,1,1,2,2,2,1,4,4,4,3,4,3,18,13,13,0,0,0,0,1,0,0,0,1,0,0,1,0,0,1,0,0
"328",1,1,18,1,2,2,1,1,2,4,0,1,2,1,2,2,2,1,1,5,2,2,1,1,3,2,17,17,1,0,0,0,0,0,0,1,0,0,0,1,0,0,0,0,1
"329",1,1,18,2,1,2,1,1,2,2,0,2,1,1,2,2,2,2,1,5,4,4,1,1,4,0,12,13,0,0,1,0,0,0,0,1,0,0,0,1,0,0,1,0,0
"330",1,1,17,2,1,2,2,2,1,2,0,1,2,1,1,1,2,2,1,5,4,5,1,2,5,12,12,12,0,0,1,0,0,0,0,1,0,0,0,1,0,1,0,0,0
"331",1,1,18,2,1,2,2,1,2,2,0,1,1,1,2,2,2,2,2,4,3,1,1,1,5,10,12,13,0,0,1,0,0,0,0,1,0,0,0,1,0,0,0,0,1
"332",1,2,17,2,1,2,1,1,1,2,0,1,1,1,1,1,2,2,1,4,3,3,1,2,4,0,12,12,0,0,1,0,0,0,0,1,0,0,1,0,0,0,0,0,1
"333",1,1,18,2,1,2,2,2,1,3,0,1,2,1,1,2,2,2,1,4,3,3,1,2,2,0,18,18,1,0,0,0,0,1,0,0,0,0,0,1,0,0,0,1,0
"334",1,1,17,2,1,2,1,1,1,3,0,1,2,1,1,2,2,2,1,4,3,3,1,1,3,0,13,13,0,0,0,1,0,0,0,0,0,1,0,1,0,0,0,0,1
"335",1,2,18,2,1,2,2,1,1,3,0,1,1,1,2,2,2,2,1,4,2,4,1,3,2,0,14,15,0,0,0,1,0,0,0,0,1,0,0,1,0,0,0,0,1
"336",1,2,18,2,2,1,4,4,1,2,0,1,2,1,2,2,2,2,1,5,4,3,1,1,2,0,17,17,0,0,0,0,1,0,0,0,0,1,0,1,0,0,0,0,1
"337",1,2,18,2,1,2,4,2,1,2,0,1,2,1,2,2,2,2,2,4,3,2,1,4,5,2,15,16,0,0,0,0,1,0,0,1,0,0,0,1,0,0,1,0,0
"338",1,1,17,2,1,2,4,3,1,3,0,1,2,1,1,2,2,2,1,4,2,2,1,2,3,0,17,18,0,1,0,0,0,0,0,0,1,0,0,1,0,0,0,0,1
"339",1,1,17,1,2,2,3,1,2,4,0,1,2,1,1,2,2,1,1,3,1,2,1,1,3,0,18,19,0,0,0,1,0,0,0,1,0,0,0,1,0,0,0,0,1
"340",1,2,18,1,2,2,3,2,2,3,0,1,2,1,2,2,2,2,1,5,4,2,1,1,4,0,14,15,0,0,0,1,0,0,0,1,0,0,0,1,0,0,0,0,1
"341",1,2,17,2,1,2,3,3,1,1,0,1,2,1,1,2,2,2,1,4,4,3,1,3,5,0,14,15,0,1,0,0,0,0,0,1,0,0,0,1,0,0,1,0,0
"342",1,1,19,2,1,2,4,4,2,2,0,1,2,1,2,2,2,2,1,2,3,4,2,3,2,2,14,13,0,1,0,0,0,0,0,1,0,0,0,0,1,0,0,0,1
"343",1,1,18,2,2,2,4,3,2,2,0,1,2,1,1,2,2,2,2,4,4,5,1,2,2,0,13,14,0,0,1,0,0,0,0,1,0,0,0,0,1,0,1,0,0
"344",1,1,18,2,1,2,4,3,1,4,0,1,2,1,1,2,2,2,1,4,3,3,1,1,3,0,16,17,0,0,1,0,0,0,0,1,0,0,1,0,0,0,0,0,1
"345",1,2,18,2,2,2,4,4,1,1,0,1,2,1,1,2,2,2,2,1,4,2,2,2,1,0,18,18,0,0,0,0,1,0,0,0,0,1,0,1,0,0,1,0,0
"346",1,1,18,2,2,1,4,4,1,2,0,1,2,2,1,2,2,2,2,4,2,4,1,1,4,0,14,15,0,1,0,0,0,0,0,1,0,0,0,1,0,0,1,0,0
"347",1,2,17,2,2,2,4,4,2,1,0,1,1,1,1,2,2,2,1,4,1,1,2,2,5,0,12,13,0,0,1,0,0,0,0,0,0,1,1,0,0,0,1,0,0
"348",1,1,17,1,1,2,4,4,2,3,0,1,2,1,2,2,2,2,1,5,3,4,1,1,5,0,7,7,0,0,0,1,0,0,0,0,1,0,0,1,0,0,0,0,1
"349",1,1,17,2,1,2,4,2,2,3,0,1,2,1,1,2,2,2,1,4,3,3,1,1,3,0,16,16,0,0,1,0,0,0,0,1,0,0,0,1,0,0,0,0,1
"350",1,1,17,2,1,2,3,2,1,4,0,1,2,1,2,1,2,2,1,5,2,2,1,2,5,0,18,18,0,1,0,0,0,0,1,0,0,0,1,0,0,0,0,0,1
"351",1,2,19,1,2,2,2,1,2,3,1,1,1,1,2,2,2,2,2,4,3,1,1,1,5,0,9,10,1,0,0,0,0,0,0,0,1,0,0,1,0,1,0,0,0
"352",1,2,20,2,1,1,3,2,1,1,2,1,1,1,2,2,2,1,1,5,5,3,1,1,5,0,14,15,0,0,0,1,0,0,0,1,0,0,0,0,1,1,0,0,0
"353",1,2,19,1,1,2,3,3,1,2,0,1,1,1,2,2,2,1,2,4,5,3,1,2,5,0,10,10,0,0,1,0,0,0,0,0,1,0,1,0,0,0,0,0,1
"354",1,1,18,2,1,2,1,4,1,2,0,2,2,1,1,1,2,1,2,3,4,4,1,2,5,2,10,10,0,0,1,0,0,0,0,0,0,1,0,1,0,0,1,0,0
"355",1,1,18,2,1,2,2,1,2,2,0,1,2,1,2,2,2,2,1,5,3,3,1,2,1,2,12,12,0,0,0,1,0,0,0,1,0,0,0,1,0,1,0,0,0
"356",1,1,17,2,1,2,2,3,2,2,0,1,1,1,2,2,2,2,2,4,2,1,1,1,3,2,11,12,0,0,1,0,0,0,0,1,0,0,1,0,0,1,0,0,0
"357",1,1,17,1,1,2,4,4,1,1,0,1,1,1,2,2,2,2,1,4,4,4,1,1,5,2,15,16,0,0,0,0,1,0,0,0,0,1,0,1,0,1,0,0,0
"358",1,1,18,2,1,2,4,3,1,3,0,1,2,1,2,2,2,2,2,4,3,4,1,1,5,2,14,15,0,0,1,0,0,0,0,1,0,0,0,1,0,1,0,0,0
"359",1,1,18,2,2,2,4,3,2,1,0,1,2,1,1,2,2,2,1,3,2,4,1,4,1,8,12,12,0,1,0,0,0,0,0,0,1,0,0,1,0,1,0,0,0
"360",1,1,17,1,1,2,3,4,1,3,0,1,2,1,2,1,2,2,1,4,3,4,2,5,5,2,15,15,1,0,0,0,0,0,0,0,1,0,1,0,0,1,0,0,0
"361",1,1,18,2,1,2,3,3,1,2,0,1,2,1,1,2,2,2,1,4,1,4,1,1,3,8,11,12,1,0,0,0,0,0,0,1,0,0,1,0,0,1,0,0,0
"362",1,2,19,2,1,2,4,2,2,2,0,1,2,1,2,2,2,2,2,5,4,4,1,1,1,9,11,10,0,1,0,0,0,0,0,1,0,0,0,1,0,1,0,0,0
"363",1,1,18,2,1,2,4,4,1,2,0,1,2,1,1,2,2,2,1,4,4,4,3,3,5,0,12,11,0,0,0,0,1,0,0,1,0,0,0,1,0,1,0,0,0
"364",1,1,18,2,1,2,3,4,1,1,0,1,2,1,2,2,2,2,2,5,4,4,1,1,1,4,11,12,0,0,1,0,0,0,0,1,0,0,0,1,0,1,0,0,0
"365",1,1,17,2,1,2,4,4,1,1,0,1,1,1,2,2,2,2,1,5,3,4,1,2,5,2,14,15,0,1,0,0,0,0,1,0,0,0,0,1,0,1,0,0,0
"366",1,1,17,2,1,1,4,3,1,2,0,1,2,1,1,2,2,2,2,5,2,2,1,2,5,14,15,14,0,0,0,1,0,0,0,0,1,0,0,1,0,1,0,0,0
"367",1,1,17,2,2,1,3,3,1,2,0,2,2,1,1,2,2,2,1,5,3,3,1,1,5,0,12,12,0,0,0,1,0,0,0,1,0,0,0,1,0,0,1,0,0
"368",1,1,17,2,2,2,2,1,1,2,0,1,1,1,2,2,2,2,1,4,2,3,2,2,2,2,11,12,0,0,1,0,0,0,0,1,0,0,1,0,0,0,1,0,0
"369",1,2,18,2,2,2,4,4,1,1,0,1,2,1,1,2,2,2,1,4,2,5,3,4,5,2,8,9,0,0,1,0,0,0,0,1,0,0,1,0,0,0,0,0,1
"370",1,1,19,2,1,2,1,1,3,3,0,1,1,1,2,2,1,1,2,1,5,5,4,3,5,12,10,10,0,0,1,0,0,0,0,1,0,0,0,0,1,1,0,0,0
"371",1,1,19,2,2,1,1,1,3,2,2,1,2,1,1,1,2,2,2,5,3,4,1,1,4,2,8,8,0,0,1,0,0,0,0,1,0,0,0,0,1,1,0,0,0
"372",1,1,18,2,1,2,2,2,1,1,0,1,2,1,2,2,2,2,2,4,3,5,2,4,5,2,10,10,0,0,1,0,0,0,0,1,0,0,0,1,0,1,0,0,0
"373",1,1,17,2,1,2,2,2,1,2,0,1,2,1,1,2,2,1,2,4,2,2,1,1,3,4,14,13,0,0,1,0,0,0,0,1,0,0,0,1,0,1,0,0,0
"374",1,1,17,1,2,2,2,2,1,3,0,1,2,1,2,2,2,2,1,3,3,2,2,2,3,0,11,11,0,0,0,1,0,0,0,0,1,0,0,1,0,1,0,0,0
"375",1,1,17,2,1,2,3,1,1,3,0,1,2,1,1,1,2,2,1,3,4,3,2,3,5,0,17,18,0,0,0,1,0,0,0,0,1,0,1,0,0,1,0,0,0
"376",1,1,17,2,2,2,0,2,2,3,0,1,1,1,1,2,2,2,1,3,3,3,2,3,2,0,14,14,1,0,0,0,0,1,0,0,0,0,1,0,0,0,1,0,0
"377",1,1,18,2,1,2,1,1,2,3,0,1,1,1,2,2,2,2,1,4,5,5,1,2,2,0,14,14,0,0,1,0,0,0,0,1,0,0,0,1,0,0,1,0,0
"378",1,2,18,2,1,2,4,4,1,3,0,1,1,1,2,2,2,2,1,4,3,3,2,2,3,0,13,14,0,0,1,0,0,0,0,1,0,0,0,1,0,1,0,0,0
"379",1,2,17,2,1,2,3,3,1,1,0,1,1,1,2,1,2,2,1,4,3,5,3,5,5,0,17,18,0,0,1,0,0,0,0,0,1,0,0,1,0,0,0,0,1
"380",1,2,17,1,1,2,2,2,4,1,0,1,2,1,1,2,2,2,1,4,4,5,5,5,4,2,11,10,0,0,0,1,0,0,0,1,0,0,0,1,0,1,0,0,0
"381",1,1,17,2,1,2,4,4,1,3,0,1,2,1,2,2,2,2,1,5,4,4,1,3,4,0,13,12,0,0,0,0,1,0,0,0,1,0,0,1,0,1,0,0,0
"382",1,1,17,2,1,2,4,4,2,3,0,1,2,1,1,1,2,2,2,4,3,3,1,2,4,4,15,14,0,0,0,0,1,0,0,0,0,1,0,1,0,1,0,0,0
"383",1,1,17,2,1,2,3,3,1,1,0,1,2,2,2,2,2,2,1,4,2,5,2,5,5,2,11,12,1,0,0,0,0,0,0,1,0,0,0,1,0,1,0,0,0
"384",1,2,18,2,2,2,2,2,1,4,0,1,2,2,2,2,2,2,1,4,5,5,2,4,5,0,11,11,0,0,1,0,0,0,0,1,0,0,0,1,0,1,0,0,0
"385",1,2,19,1,1,2,3,2,1,1,0,1,2,1,1,1,2,1,2,5,3,4,2,2,5,0,11,10,1,0,0,0,0,0,0,0,1,0,0,0,1,0,1,0,0
"386",1,1,18,2,1,2,2,2,4,2,0,1,1,1,2,2,2,1,2,4,2,5,1,1,2,2,10,9,1,0,0,0,0,0,0,1,0,0,0,1,0,1,0,0,0
"387",1,1,17,1,1,2,2,4,1,3,0,1,2,1,1,2,2,2,2,4,4,3,1,1,5,0,15,15,1,0,0,0,0,0,0,1,0,0,1,0,0,1,0,0,0
"388",1,2,18,2,1,2,2,2,1,1,0,1,1,1,1,1,2,2,1,5,4,2,1,2,5,6,15,14,0,0,1,0,0,0,0,1,0,0,0,1,0,0,0,0,1
"389",1,1,18,2,1,2,3,3,1,2,0,1,1,1,2,2,2,2,1,5,3,4,1,1,4,8,10,11,0,0,0,1,0,0,0,0,1,0,0,1,0,0,1,0,0
"390",1,1,18,2,2,2,2,2,1,2,0,1,1,1,2,1,2,2,2,4,3,3,1,1,2,0,10,9,0,0,1,0,0,0,0,1,0,0,0,0,1,0,1,0,0
"391",1,1,18,1,1,2,2,2,2,4,0,1,1,1,2,2,2,1,1,4,4,4,1,1,4,6,14,13,1,0,0,0,0,0,0,1,0,0,0,1,0,1,0,0,0
"392",1,1,17,2,1,2,3,4,1,3,0,1,1,1,1,2,2,2,1,4,4,5,1,3,5,8,11,13,0,0,0,1,0,0,0,1,0,0,0,1,0,1,0,0,0
"393",1,1,17,2,1,2,3,2,1,2,0,1,2,1,1,2,2,2,2,4,3,2,2,3,2,0,12,13,0,0,1,0,0,0,0,1,0,0,0,1,0,0,1,0,0
"394",1,1,18,2,2,2,3,3,1,4,0,1,2,1,1,2,2,2,1,5,3,3,1,1,1,4,14,14,0,0,0,1,0,0,0,0,1,0,0,1,0,0,1,0,0
"395",1,1,17,1,1,1,3,2,1,2,0,1,2,1,1,2,2,2,1,4,3,3,2,3,2,0,14,14,0,0,1,0,0,0,0,1,0,0,0,1,0,0,1,0,0
"396",1,2,18,2,1,2,4,4,1,2,0,1,2,1,2,2,2,2,1,4,3,3,2,2,2,0,12,12,0,0,0,0,1,0,0,0,1,0,1,0,0,0,1,0,0
"397",1,2,18,2,2,2,3,4,1,2,0,1,1,1,2,2,2,2,2,4,3,3,1,3,5,6,16,16,0,0,0,1,0,0,0,1,0,0,0,1,0,0,1,0,0
"398",1,1,17,2,1,1,2,2,1,2,0,1,2,1,1,2,2,2,2,3,3,1,1,2,4,18,10,12,1,0,0,0,0,1,0,0,0,0,1,0,0,0,1,0,0
"399",1,1,18,2,1,2,2,3,1,3,0,1,2,1,1,2,2,2,1,4,3,3,1,2,3,0,11,12,1,0,0,0,0,0,0,1,0,0,0,1,0,1,0,0,0
"400",1,1,18,2,1,2,3,2,1,3,0,1,1,1,1,2,2,2,2,5,4,3,2,3,1,4,14,16,0,0,1,0,0,0,0,0,1,0,0,1,0,0,0,1,0
"401",1,2,18,1,1,2,4,3,1,3,0,1,1,1,1,2,2,2,2,5,3,2,1,2,4,4,15,14,0,0,0,0,1,0,0,0,1,0,0,1,0,1,0,0,0
"402",1,2,18,2,1,2,4,3,1,3,0,1,2,1,1,2,2,2,2,5,4,5,2,3,5,0,14,13,0,0,0,0,1,0,0,1,0,0,0,1,0,1,0,0,0
"403",1,1,17,2,1,2,4,3,1,3,0,1,2,1,2,2,2,2,2,4,4,3,1,3,4,0,11,12,0,1,0,0,0,0,0,1,0,0,0,1,0,0,0,0,1
"404",1,1,17,2,1,2,2,1,2,2,0,1,2,1,2,2,2,2,2,4,3,4,2,2,1,10,12,15,0,0,0,1,0,0,0,1,0,0,0,1,0,1,0,0,0
"405",1,1,17,2,1,2,2,1,1,2,0,1,2,1,2,2,2,2,1,4,3,5,2,4,4,4,12,16,0,0,0,1,0,0,0,1,0,0,0,1,0,0,0,0,1
"406",1,1,19,2,2,1,2,3,2,1,1,1,1,1,1,2,1,2,1,2,2,3,3,4,5,16,10,11,1,0,0,0,0,0,0,1,0,0,0,0,1,0,1,0,0
"407",1,1,17,2,1,2,3,1,1,1,1,1,2,2,1,2,2,2,2,4,1,2,1,1,3,6,10,13,0,0,1,0,0,1,0,0,0,0,0,1,0,0,1,0,0
"408",1,1,21,2,2,2,4,4,1,3,2,1,1,2,2,2,2,2,1,3,3,2,1,1,5,0,9,12,0,0,1,0,0,0,0,1,0,0,0,0,1,0,0,0,1
"409",1,2,18,2,2,2,2,2,1,2,0,1,2,1,2,1,1,2,1,4,4,4,1,3,3,11,9,11,0,0,0,1,0,0,0,0,1,0,0,1,0,0,0,0,1
"410",1,2,18,2,2,1,3,4,1,2,0,1,1,1,2,2,2,2,2,4,3,5,1,4,2,9,13,14,0,0,1,0,0,0,0,1,0,0,0,0,1,0,0,0,1
"411",1,1,17,2,1,2,2,2,1,2,0,1,2,1,2,2,2,2,1,4,3,4,1,3,4,0,13,17,0,0,0,1,0,0,0,0,1,0,0,1,0,0,0,0,1
"412",1,2,17,2,2,1,4,4,1,3,0,1,2,1,1,2,2,2,1,4,4,2,1,2,4,2,12,15,0,1,0,0,0,0,0,1,0,0,0,1,0,0,0,0,1
"413",1,1,18,2,2,2,4,2,1,2,0,1,2,1,2,2,2,2,1,4,2,2,1,1,3,0,14,17,0,0,0,0,1,0,0,1,0,0,0,1,0,1,0,0,0
"414",1,2,21,1,2,2,1,1,2,2,2,1,2,1,2,2,1,2,2,5,3,3,5,2,4,21,9,10,1,0,0,0,0,0,0,1,0,0,0,0,1,1,0,0,0
"415",1,1,20,1,1,2,1,1,2,3,0,1,1,1,1,2,2,2,2,3,2,2,1,3,3,8,11,15,0,0,1,0,0,0,0,1,0,0,0,0,1,0,0,0,1
"416",1,1,19,2,1,2,4,4,1,1,1,1,2,1,1,2,2,2,2,3,2,5,4,4,5,5,9,10,0,0,0,0,1,0,0,1,0,0,0,0,1,0,1,0,0
"417",1,2,17,2,2,1,3,2,1,2,0,1,2,1,1,2,2,2,1,4,4,4,1,2,5,10,16,18,0,0,1,0,0,0,0,1,0,0,0,1,0,0,0,0,1
"418",1,1,18,2,1,2,3,2,1,3,0,1,2,1,1,2,2,2,2,4,3,4,1,2,2,5,14,17,1,0,0,0,0,0,0,1,0,0,1,0,0,0,0,0,1
"419",1,2,18,1,1,2,2,3,1,1,0,1,1,1,1,2,2,2,1,3,1,3,4,5,4,13,13,14,0,0,1,0,0,0,0,0,1,0,1,0,0,0,0,0,1
"420",1,2,19,2,1,2,2,1,1,1,0,1,1,1,1,2,2,2,1,5,3,4,1,4,4,10,7,11,0,0,1,0,0,0,0,1,0,0,0,1,0,0,0,0,1
"421",1,1,18,2,2,1,2,2,2,2,0,1,2,1,1,2,2,2,1,4,1,4,1,3,4,10,14,17,0,0,0,1,0,0,0,1,0,0,0,1,0,0,0,0,1
"422",1,1,20,2,1,2,1,0,2,1,1,2,1,1,1,2,2,2,2,5,3,1,1,1,5,5,8,10,0,0,1,0,0,0,0,1,0,0,0,1,0,0,0,0,1
"423",1,1,18,2,1,2,3,2,1,2,0,1,2,1,2,1,2,2,2,3,1,2,1,2,1,4,10,13,0,0,0,1,0,0,0,1,0,0,0,1,0,0,1,0,0
"424",2,1,16,2,1,2,1,3,2,1,0,1,2,1,1,2,1,2,2,4,3,3,1,3,5,11,10,11,1,0,0,0,0,0,0,1,0,0,1,0,0,0,0,1,0
"425",2,1,16,1,1,2,2,2,2,2,0,1,2,1,2,2,2,2,1,4,4,4,1,1,5,0,12,12,0,0,1,0,0,0,0,1,0,0,0,1,0,1,0,0,0
"426",2,1,15,1,1,2,1,1,1,1,1,1,2,1,1,2,2,1,2,4,1,3,1,1,2,6,10,10,1,0,0,0,0,0,0,0,1,0,0,1,0,0,0,1,0
"427",2,1,15,1,1,2,3,3,2,1,0,1,2,1,1,2,2,2,1,5,4,4,2,3,5,4,10,10,1,0,0,0,0,0,0,1,0,0,0,1,0,1,0,0,0
"428",2,1,16,1,1,2,2,3,2,2,0,1,1,1,1,2,2,1,1,4,5,2,1,2,5,0,16,17,1,0,0,0,0,0,0,0,1,0,0,1,0,1,0,0,0
"429",2,1,15,1,2,2,2,1,2,1,0,1,1,1,1,2,1,1,1,1,3,4,1,1,1,0,6,8,1,0,0,0,0,0,0,1,0,0,0,1,0,0,1,0,0
"430",2,2,16,1,2,1,4,4,1,2,0,1,2,1,1,2,2,1,1,5,3,2,1,3,2,5,10,11,1,0,0,0,0,0,0,1,0,0,0,1,0,0,1,0,0
"431",2,2,16,2,1,1,1,2,1,3,0,2,1,1,1,2,2,2,1,4,4,3,1,1,5,0,10,11,0,0,1,0,0,0,0,1,0,0,0,1,0,0,0,1,0
"432",2,1,17,1,1,2,3,2,1,2,1,1,1,1,1,2,2,1,2,4,5,4,1,2,5,0,10,10,1,0,0,0,0,0,0,1,0,0,1,0,0,1,0,0,0
"433",2,1,17,1,1,2,1,1,1,1,1,1,2,1,1,1,1,2,1,5,4,4,2,2,5,0,6,6,0,0,1,0,0,0,0,1,0,0,1,0,0,0,0,1,0
"434",2,1,15,1,1,2,4,4,2,1,0,1,1,1,1,2,2,2,2,1,5,1,3,5,5,0,13,14,0,0,0,0,1,0,0,1,0,0,0,1,0,1,0,0,0
"435",2,1,16,2,2,1,2,2,2,4,0,1,1,1,2,1,1,1,2,1,2,1,1,1,1,4,10,9,1,0,0,0,0,0,0,1,0,0,0,1,0,0,0,0,1
"436",2,1,15,1,2,2,1,1,2,2,0,1,2,1,1,2,2,2,1,5,4,3,1,2,4,0,10,10,1,0,0,0,0,0,0,0,1,0,1,0,0,0,0,0,1
"437",2,1,15,1,2,2,1,1,2,1,1,1,2,1,1,2,2,2,2,4,4,3,1,2,2,4,6,7,0,0,1,0,0,0,0,0,1,0,0,1,0,1,0,0,0
"438",2,1,16,1,1,2,0,2,2,1,0,1,2,1,2,2,2,1,1,3,2,3,1,2,2,0,12,11,0,0,1,0,0,0,0,1,0,0,0,1,0,0,0,1,0
"439",2,1,17,1,1,2,2,3,2,1,0,1,2,1,1,2,2,2,1,5,5,5,1,3,3,2,10,11,0,0,1,0,0,0,0,1,0,0,0,1,0,1,0,0,0
"440",2,1,15,1,1,2,3,3,2,1,0,1,1,1,1,1,2,2,1,4,1,3,1,1,4,0,14,16,0,0,1,0,0,0,0,0,1,0,1,0,0,1,0,0,0
"441",2,2,16,2,1,2,1,1,2,2,0,1,2,1,2,2,2,1,2,5,4,5,4,5,3,0,7,0,1,0,0,0,0,0,0,0,1,0,0,1,0,0,1,0,0
"442",2,2,17,2,1,2,1,1,1,2,0,1,1,2,1,1,2,2,1,4,4,3,2,4,5,4,8,9,0,0,1,0,0,0,0,1,0,0,0,1,0,0,1,0,0
"443",2,2,15,1,2,2,4,1,1,2,0,1,2,1,2,2,2,2,1,5,3,4,1,2,2,0,12,13,0,1,0,0,0,0,0,0,1,0,1,0,0,0,0,0,1
"444",2,2,15,1,2,2,4,1,1,2,0,1,2,1,2,2,2,2,1,5,3,4,1,2,2,7,7,9,0,1,0,0,0,0,0,0,1,0,1,0,0,0,0,0,1
"445",2,2,16,1,1,2,3,4,3,2,0,1,1,1,1,1,2,1,1,3,4,5,1,2,5,4,9,10,0,0,1,0,0,0,1,0,0,0,0,1,0,0,0,1,0
"446",2,2,15,1,1,2,1,1,4,2,0,1,2,1,2,2,2,1,2,5,4,5,2,4,4,8,7,9,0,0,1,0,0,0,0,1,0,0,0,1,0,1,0,0,0
"447",2,2,15,2,2,2,3,3,1,2,0,1,2,1,2,2,2,2,1,5,3,3,1,1,5,0,11,11,1,0,0,0,0,1,0,0,0,0,1,0,0,0,0,0,1
"448",2,2,17,1,1,2,2,1,3,1,0,1,1,1,2,2,1,1,2,5,5,5,5,5,3,8,8,10,0,0,1,0,0,0,0,1,0,0,0,1,0,0,0,1,0
"449",2,1,16,1,1,2,4,4,2,3,0,1,1,1,2,2,2,2,2,4,2,2,1,1,4,6,16,16,0,0,0,0,1,0,0,0,0,1,0,1,0,1,0,0,0
"450",2,1,15,1,1,2,1,2,2,1,0,1,1,1,1,2,2,1,1,5,1,2,1,1,1,3,11,13,0,0,1,0,0,0,0,0,1,0,0,1,0,1,0,0,0
"451",2,1,16,1,1,2,2,3,3,2,0,1,2,1,1,2,2,2,1,4,5,4,1,2,1,2,15,15,0,0,1,0,0,0,0,0,1,0,0,1,0,1,0,0,0
"452",2,2,16,1,1,2,1,2,2,2,0,1,1,1,1,2,2,1,1,4,3,3,1,1,5,0,10,11,0,0,1,0,0,0,0,1,0,0,1,0,0,1,0,0,0
"453",2,1,16,1,1,2,2,2,3,2,0,1,2,1,1,2,2,2,1,4,4,5,1,1,4,4,9,10,0,0,1,0,0,0,0,1,0,0,0,1,0,1,0,0,0
"454",2,1,16,2,1,2,1,2,1,3,1,1,2,1,1,2,2,1,1,1,3,2,1,2,4,0,10,8,0,0,1,0,0,0,0,0,1,0,0,1,0,1,0,0,0
"455",2,1,16,2,1,2,1,2,1,3,1,1,2,1,1,2,2,1,1,1,3,2,1,2,4,3,9,8,0,0,1,0,0,0,0,0,1,0,0,1,0,1,0,0,0
"456",2,1,15,2,1,2,2,1,1,2,0,2,2,1,1,1,2,2,1,4,4,2,3,3,2,0,9,10,1,0,0,0,0,0,0,1,0,0,0,1,0,0,1,0,0
"457",2,1,16,2,1,2,1,1,1,2,0,1,2,1,1,1,2,1,2,5,4,3,2,1,2,0,13,14,1,0,0,0,0,0,0,1,0,0,1,0,0,1,0,0,0
"458",2,2,17,1,2,2,1,2,1,1,0,1,2,1,2,2,2,2,1,5,5,5,5,5,3,4,10,11,1,0,0,0,0,0,0,0,1,0,0,1,0,0,0,0,1
"459",2,1,16,1,1,2,1,1,4,4,0,1,2,1,1,1,2,2,1,4,3,2,1,1,1,0,13,10,0,0,1,0,0,0,0,1,0,0,1,0,0,0,1,0,0
"460",2,1,16,1,1,2,1,1,4,3,0,2,2,1,1,2,2,1,1,4,4,3,1,1,5,2,10,9,1,0,0,0,0,0,0,1,0,0,1,0,0,0,0,1,0
"461",2,1,15,1,1,2,1,1,2,2,0,1,2,1,2,2,2,2,1,4,3,3,1,1,2,1,11,10,1,0,0,0,0,0,0,1,0,0,1,0,0,0,1,0,0
"462",2,1,16,1,1,2,1,1,2,1,0,1,1,1,2,2,2,2,2,4,2,2,4,3,2,0,13,12,1,0,0,0,0,0,0,1,0,0,0,1,0,0,0,1,0
"463",2,1,15,1,1,2,1,1,3,2,0,1,2,1,1,2,2,1,1,4,2,1,1,2,2,0,13,14,1,0,0,0,0,1,0,0,0,0,1,0,0,1,0,0,0
"464",2,1,15,1,2,2,2,2,1,3,0,2,2,1,1,2,2,1,1,4,4,3,2,2,5,2,14,11,0,0,1,0,0,0,0,1,0,0,1,0,0,0,0,1,0
"465",2,2,16,1,1,2,1,1,2,1,0,1,1,1,2,2,2,1,1,3,4,4,3,4,5,6,11,11,1,0,0,0,0,0,0,1,0,0,1,0,0,0,0,1,0
"466",2,1,18,2,1,2,1,2,1,2,1,1,2,1,2,2,2,2,2,3,4,4,2,3,5,9,9,8,0,0,1,0,0,0,0,1,0,0,1,0,0,1,0,0,0
"467",2,2,15,2,1,2,3,1,2,1,0,1,2,1,1,2,2,1,1,3,2,3,1,3,4,0,10,9,0,0,1,0,0,0,0,0,1,0,0,1,0,0,1,0,0
"468",2,1,16,1,1,2,2,2,3,2,0,1,2,1,2,2,2,2,1,5,3,4,1,1,2,1,14,13,0,0,1,0,0,0,0,0,1,0,1,0,0,1,0,0,0
"469",2,2,15,2,1,2,2,2,3,1,0,1,1,1,1,2,2,1,1,4,3,3,1,2,4,1,13,12,0,1,0,0,0,0,0,1,0,0,0,1,0,0,0,0,1
"470",2,2,16,2,1,2,4,4,1,2,0,1,2,1,2,2,2,1,2,4,3,1,1,1,3,0,13,12,0,0,1,0,0,0,0,0,0,1,1,0,0,1,0,0,0
"471",2,1,15,1,1,2,3,3,1,2,0,1,2,1,1,2,2,2,2,4,5,4,1,1,1,4,13,12,0,0,0,1,0,0,0,1,0,0,0,1,0,0,0,0,1
"472",2,1,16,1,1,2,2,2,2,2,1,1,2,1,2,1,2,1,1,4,4,4,2,3,5,2,12,11,1,0,0,0,0,0,0,1,0,0,0,1,0,1,0,0,0
"473",2,1,16,1,2,2,2,2,3,1,0,1,2,1,2,2,2,1,2,4,3,2,1,1,4,0,14,14,0,0,1,0,0,0,0,1,0,0,1,0,0,0,1,0,0
"474",2,2,16,2,2,2,2,1,2,1,0,1,2,1,2,2,2,2,1,2,4,3,2,3,4,4,10,8,1,0,0,0,0,0,0,0,1,0,0,1,0,1,0,0,0
"475",2,2,15,1,2,2,1,3,3,1,0,1,2,1,2,2,2,2,1,4,2,4,3,5,3,2,10,11,1,0,0,0,0,0,0,1,0,0,1,0,0,0,0,0,1
"476",2,1,15,2,1,2,2,2,2,3,0,1,2,1,2,2,2,1,1,5,3,2,1,1,4,0,12,13,0,0,1,0,0,0,0,0,1,0,0,1,0,1,0,0,0
"477",2,1,16,1,2,2,2,1,1,1,0,1,2,1,1,2,2,2,2,5,4,3,1,1,5,2,10,8,0,0,1,0,0,0,0,1,0,0,0,1,0,0,1,0,0
"478",2,2,15,2,1,2,3,3,2,1,0,1,2,1,2,1,2,2,1,4,3,3,2,4,3,11,12,10,0,0,0,1,0,0,0,0,1,0,1,0,0,1,0,0,0
"479",2,1,16,1,1,2,1,1,2,2,3,2,2,1,1,2,2,1,1,3,4,3,1,1,1,0,7,7,1,0,0,0,0,0,0,1,0,0,1,0,0,1,0,0,0
"480",2,1,17,2,1,2,2,2,1,1,0,1,2,1,2,2,1,1,1,4,5,3,1,1,5,4,9,9,0,0,1,0,0,1,0,0,0,0,0,1,0,1,0,0,0
"481",2,1,19,2,1,2,2,3,1,1,1,1,1,1,1,2,1,2,2,4,4,4,1,1,2,0,9,9,1,0,0,0,0,0,0,0,1,0,0,0,1,1,0,0,0
"482",2,1,17,1,1,2,2,1,3,1,0,1,2,1,2,2,1,1,2,5,5,3,1,1,3,2,9,10,1,0,0,0,0,0,0,1,0,0,0,1,0,1,0,0,0
"483",2,1,15,1,2,2,1,1,2,1,0,1,2,1,1,2,1,1,2,5,2,1,1,3,4,0,9,10,1,0,0,0,0,0,0,1,0,0,0,1,0,1,0,0,0
"484",2,1,16,1,1,2,2,2,3,2,0,1,2,1,1,2,1,2,1,3,4,5,1,2,1,1,9,10,0,0,1,0,0,0,0,1,0,0,1,0,0,1,0,0,0
"485",2,1,16,2,2,1,2,2,1,1,0,1,2,1,1,2,1,1,1,4,3,4,1,2,1,6,7,7,0,0,1,0,0,0,0,1,0,0,0,1,0,0,1,0,0
"486",2,1,17,1,1,2,2,2,2,2,0,1,2,1,1,2,2,2,1,4,3,5,1,2,4,0,11,10,1,0,0,0,0,0,0,1,0,0,0,1,0,1,0,0,0
"487",2,1,16,2,1,2,2,2,1,1,1,1,2,2,2,1,2,2,1,4,4,3,1,4,3,1,9,10,0,0,1,0,0,0,0,0,1,0,1,0,0,1,0,0,0
"488",2,1,18,1,2,1,3,2,2,3,2,1,2,1,1,1,1,1,2,3,3,2,1,1,2,6,7,9,0,0,1,0,0,0,0,1,0,0,0,0,1,1,0,0,0
"489",2,1,19,2,1,2,1,1,1,3,1,1,1,1,2,2,1,1,2,5,3,1,1,1,3,6,7,9,1,0,0,0,0,0,0,0,1,0,0,1,0,1,0,0,0
"490",2,2,18,1,1,2,1,1,2,1,1,1,1,1,2,2,1,2,1,4,4,3,3,4,4,0,8,9,0,0,1,0,0,0,0,1,0,0,0,1,0,0,1,0,0
"491",2,1,18,1,1,2,1,1,2,1,1,1,1,1,1,1,1,2,2,3,2,3,1,1,2,4,9,11,1,0,0,0,0,1,0,0,0,0,0,1,0,1,0,0,0
"492",2,1,19,2,1,2,1,1,2,2,1,1,2,1,1,2,2,2,2,1,1,4,4,1,1,12,7,8,0,0,1,0,0,0,0,1,0,0,0,0,1,1,0,0,0
"493",2,1,16,1,1,1,2,2,1,2,0,1,1,1,1,1,2,1,2,3,3,2,1,1,3,2,8,10,0,1,0,0,0,0,0,1,0,0,0,1,0,1,0,0,0
"494",2,1,17,2,1,2,0,1,2,1,0,1,1,1,2,1,2,1,1,2,4,4,3,5,5,5,9,9,0,0,1,0,0,1,0,0,0,0,1,0,0,1,0,0,0
"495",2,1,16,1,2,2,1,2,1,2,0,1,1,1,2,2,1,2,1,4,4,5,1,3,3,0,8,9,1,0,0,0,0,0,0,1,0,0,0,1,0,1,0,0,0
"496",2,1,16,2,1,2,3,3,1,1,0,1,1,1,2,2,1,2,2,4,5,4,1,1,4,0,14,13,0,0,1,0,0,0,0,1,0,0,0,1,0,0,0,0,1
"497",2,1,16,1,2,2,1,1,1,1,0,1,2,1,2,2,2,2,2,4,4,4,2,2,4,2,14,14,0,0,0,1,0,0,0,0,1,0,0,1,0,0,1,0,0
"498",2,2,17,2,1,2,3,3,2,4,1,1,2,2,2,2,2,1,1,5,4,5,3,4,5,0,10,11,0,0,0,1,0,1,0,0,0,0,0,1,0,1,0,0,0
"499",2,1,16,2,1,2,2,1,1,2,0,1,2,1,2,2,2,2,1,5,3,3,1,1,1,0,14,13,0,0,1,0,0,0,0,0,1,0,0,1,0,1,0,0,0
"500",2,1,16,2,1,2,2,2,1,1,0,1,2,2,2,2,2,1,2,4,2,5,1,2,5,0,17,16,0,0,0,1,0,0,0,1,0,0,0,1,0,1,0,0,0
"501",2,2,17,2,1,2,1,2,1,1,1,1,2,1,2,2,1,2,2,5,3,5,5,5,1,12,6,7,0,0,1,0,0,0,0,1,0,0,1,0,0,1,0,0,0
"502",2,2,16,2,2,2,4,3,1,1,0,1,1,1,2,2,2,2,1,4,2,5,1,5,5,8,14,12,0,0,1,0,0,0,0,1,0,0,1,0,0,1,0,0,0
"503",2,2,17,1,2,2,2,2,3,4,1,1,2,1,1,2,2,1,1,1,3,5,3,5,3,2,10,8,0,0,0,1,0,0,0,0,1,0,0,1,0,0,0,1,0
"504",2,1,16,2,1,2,1,1,1,4,0,2,2,1,2,2,2,2,1,2,2,1,1,1,5,0,14,14,0,0,1,0,0,0,0,1,0,0,0,0,1,1,0,0,0
"505",2,1,19,2,2,2,2,2,1,3,0,1,1,1,1,2,2,2,2,5,4,5,1,1,1,0,12,13,0,0,1,0,0,0,0,1,0,0,0,1,0,0,1,0,0
"506",2,1,17,1,1,2,1,1,2,1,0,1,2,1,2,1,2,2,2,4,4,5,1,2,5,0,11,11,1,0,0,0,0,0,0,1,0,0,0,1,0,0,0,0,1
"507",2,1,20,2,1,2,3,3,2,2,1,1,1,1,2,2,2,2,2,3,3,4,2,4,3,8,11,9,1,0,0,0,0,0,0,0,1,0,0,1,0,0,0,1,0
"508",2,1,17,2,2,2,1,1,1,3,0,1,2,1,1,2,2,1,2,4,3,3,1,1,3,0,11,11,0,0,1,0,0,0,0,0,1,0,1,0,0,1,0,0,0
"509",2,2,17,1,1,2,2,2,3,1,1,1,2,1,1,1,2,2,1,4,4,5,1,2,5,0,10,9,0,0,1,0,0,0,0,1,0,0,0,1,0,1,0,0,0
"510",2,1,16,1,2,2,1,1,3,2,0,1,2,1,1,2,2,1,1,5,3,2,1,1,1,0,16,17,1,0,0,0,0,0,0,1,0,0,1,0,0,1,0,0,0
"511",2,1,17,1,1,2,2,2,2,2,0,1,2,1,2,2,2,1,1,5,3,2,1,1,1,0,15,17,0,0,1,0,0,0,0,1,0,0,0,1,0,0,0,0,1
"512",2,1,17,2,1,1,1,0,2,2,0,1,1,1,1,2,2,2,2,4,4,5,1,1,4,1,11,9,0,0,1,0,0,0,0,1,0,0,0,1,0,0,0,1,0
"513",2,1,18,1,1,2,1,1,1,2,1,1,2,1,1,2,2,2,2,4,3,2,1,1,5,9,7,7,1,0,0,0,0,0,0,1,0,0,0,1,0,0,0,1,0
"514",2,1,16,2,1,2,3,1,1,1,0,1,1,1,2,2,2,2,1,3,1,3,1,3,1,0,8,6,0,0,1,0,0,0,0,1,0,0,0,1,0,1,0,0,0
"515",2,1,16,2,1,2,3,2,1,1,0,1,1,1,1,2,2,2,1,3,1,3,1,4,3,2,7,6,0,0,0,1,0,1,0,0,0,0,0,1,0,1,0,0,0
"516",2,1,18,2,2,2,1,1,2,2,0,2,1,1,1,2,2,1,1,2,3,5,1,4,3,8,9,8,0,0,1,0,0,1,0,0,0,0,0,1,0,0,0,0,1
"517",2,1,16,1,1,2,4,4,1,2,0,1,1,1,2,1,2,2,2,4,3,3,2,3,2,0,14,16,0,1,0,0,0,0,0,0,0,1,1,0,0,0,0,0,1
"518",2,1,16,1,2,2,1,2,2,1,0,1,1,1,2,2,2,2,1,5,4,5,1,4,2,0,14,14,0,0,1,0,0,0,0,1,0,0,0,1,0,0,0,0,1
"519",2,1,18,2,1,1,2,4,1,2,1,1,2,1,1,2,2,2,1,2,3,2,1,3,1,8,8,5,0,0,1,0,0,0,0,0,1,0,1,0,0,0,0,0,1
"520",2,2,16,1,1,2,2,1,2,2,0,1,1,1,2,2,2,2,1,5,2,1,1,1,2,0,8,7,0,0,1,0,0,0,0,0,1,0,0,1,0,0,0,0,1
"521",2,1,16,2,2,2,1,1,3,2,0,1,2,1,1,2,2,2,1,4,3,2,1,3,5,6,6,8,1,0,0,0,0,0,0,1,0,0,0,1,0,0,0,1,0
"522",2,1,16,1,1,2,2,3,2,2,0,1,2,1,2,2,2,2,1,3,3,3,1,1,2,0,8,10,1,0,0,0,0,0,0,0,1,0,0,1,0,0,0,1,0
"523",2,1,16,2,1,2,4,4,1,2,0,1,2,1,1,2,2,2,2,4,3,4,1,2,3,4,8,8,0,1,0,0,0,0,1,0,0,0,0,1,0,1,0,0,0
"524",2,2,18,2,2,2,4,4,1,4,0,1,2,1,2,2,1,2,2,5,5,5,5,5,5,2,5,6,1,0,0,0,0,0,1,0,0,0,0,1,0,0,1,0,0
"525",2,1,16,1,2,2,3,4,3,2,0,1,2,1,1,1,2,1,1,4,2,1,1,1,2,2,7,9,1,0,0,0,0,0,0,1,0,0,0,1,0,0,0,1,0
"526",2,2,17,2,2,2,4,4,1,3,0,1,2,1,1,2,2,2,1,4,4,3,1,2,5,0,15,14,0,0,1,0,0,0,0,0,1,0,0,1,0,0,1,0,0
"527",2,1,17,1,1,2,4,1,1,1,0,1,1,1,1,2,2,2,2,4,2,3,1,2,5,1,13,14,0,0,1,0,0,0,0,1,0,0,0,1,0,0,0,1,0
"528",2,2,16,2,2,2,2,2,4,3,0,1,1,1,1,2,2,1,1,5,1,3,2,2,3,0,10,9,0,0,0,1,0,0,0,0,1,0,0,1,0,0,0,1,0
"529",2,1,17,1,1,2,2,2,1,1,0,1,2,2,1,2,2,2,1,5,1,3,1,2,5,5,9,9,1,0,0,0,0,0,0,1,0,0,0,1,0,0,0,1,0
"530",2,1,16,2,2,2,4,4,2,1,0,1,2,1,1,2,2,1,1,5,1,3,1,2,5,1,11,11,0,0,0,1,0,0,0,0,1,0,1,0,0,0,0,1,0
"531",2,2,17,2,1,2,3,3,1,1,0,1,2,1,2,2,2,2,1,4,1,4,5,5,3,8,7,10,0,0,0,1,0,0,0,0,1,0,0,1,0,0,1,0,0
"532",2,2,17,2,1,2,1,1,3,2,0,1,1,1,1,2,2,2,2,5,1,3,3,3,1,0,10,10,1,0,0,0,0,0,0,0,1,0,0,1,0,0,0,1,0
"533",2,2,16,2,1,2,2,1,2,2,0,1,1,1,1,1,2,2,2,4,2,2,1,4,5,2,9,7,0,1,0,0,0,0,0,0,1,0,0,1,0,0,0,1,0
"534",2,1,16,2,2,2,2,1,1,2,0,1,1,1,1,2,2,2,2,3,2,2,1,1,3,0,14,15,0,0,1,0,0,0,0,0,1,0,0,1,0,0,0,1,0
"535",2,2,16,2,2,2,4,4,1,1,0,1,2,1,1,2,2,2,1,4,1,2,2,5,5,0,11,12,0,0,0,0,1,0,1,0,0,0,1,0,0,0,0,1,0
"536",2,2,15,1,1,2,1,2,3,2,0,1,2,1,2,2,2,1,1,5,5,5,1,3,5,11,9,11,0,0,1,0,0,0,0,0,1,0,0,1,0,1,0,0,0
"537",2,2,15,2,2,1,2,2,3,4,0,1,2,1,2,2,2,1,1,5,4,5,2,3,5,8,13,14,0,0,1,0,0,0,0,1,0,0,0,1,0,0,0,0,1
"538",2,2,15,2,2,1,2,1,1,1,0,1,1,1,2,2,2,2,1,4,3,3,1,2,5,11,12,13,0,0,0,1,0,0,0,0,1,0,0,1,0,1,0,0,0
"539",2,1,16,1,2,2,2,2,1,3,0,1,2,1,1,1,2,1,2,4,3,3,2,2,5,2,11,11,0,0,1,0,0,0,0,1,0,0,0,1,0,1,0,0,0
"540",2,1,16,2,2,2,4,1,2,2,0,1,2,1,2,2,2,2,1,1,2,4,2,2,1,8,9,10,0,0,1,0,0,0,0,1,0,0,0,1,0,0,1,0,0
"541",2,1,17,2,1,2,3,2,2,1,0,1,1,1,1,2,2,1,2,4,3,3,2,2,1,5,9,11,1,0,0,0,0,0,0,1,0,0,0,1,0,0,1,0,0
"542",2,1,17,1,1,2,2,2,2,2,0,2,1,2,1,2,2,1,1,5,1,3,1,1,5,0,11,9,0,0,1,0,0,0,0,1,0,0,0,1,0,0,0,1,0
"543",2,1,16,2,1,2,4,4,2,3,0,1,2,1,1,2,2,2,2,5,3,5,1,4,5,1,10,11,0,0,0,0,1,0,0,0,1,0,0,1,0,1,0,0,0
"544",2,2,17,1,1,2,4,4,3,1,3,1,1,1,2,2,2,2,2,3,3,3,1,3,5,2,9,9,0,1,0,0,0,0,0,1,0,0,1,0,0,1,0,0,0
"545",2,2,17,1,2,2,1,3,2,1,0,1,1,1,2,2,2,1,2,5,1,2,3,3,5,2,12,11,0,0,1,0,0,0,0,1,0,0,1,0,0,1,0,0,0
"546",2,2,17,2,1,2,3,4,1,2,1,1,2,1,2,1,2,2,2,5,4,4,3,4,5,8,8,9,0,0,0,1,0,0,0,1,0,0,0,1,0,0,0,1,0
"547",2,1,17,2,1,2,4,4,1,2,0,1,2,1,1,2,2,2,1,5,2,5,1,1,5,0,13,15,0,1,0,0,0,0,1,0,0,0,1,0,0,1,0,0,0
"548",2,2,16,1,2,2,4,1,1,1,0,1,1,1,1,2,2,2,1,4,1,2,2,1,2,0,10,11,0,0,1,0,0,1,0,0,0,0,1,0,0,0,0,1,0
"549",2,1,17,2,1,1,1,1,1,2,0,1,1,1,2,2,2,2,2,4,5,5,1,2,3,2,11,10,1,0,0,0,0,1,0,0,0,0,0,1,0,0,0,1,0
"550",2,1,17,1,1,2,4,2,2,2,0,2,2,1,1,1,2,2,1,4,3,3,2,3,5,0,17,18,0,0,1,0,0,0,0,1,0,0,0,1,0,1,0,0,0
"551",2,2,16,2,2,1,2,2,2,2,0,1,2,1,1,1,2,2,2,4,1,2,2,2,5,0,12,13,0,0,1,0,0,0,0,0,1,0,1,0,0,1,0,0,0
"552",2,2,17,2,1,2,3,2,2,2,0,1,2,2,1,2,2,2,1,4,1,2,2,2,1,0,13,14,0,0,1,0,0,0,0,1,0,0,1,0,0,0,0,1,0
"553",2,2,19,2,1,2,1,1,1,2,2,1,2,1,2,2,1,2,1,4,4,3,3,4,4,2,9,9,0,0,1,0,0,0,0,1,0,0,0,1,0,0,0,1,0
"554",2,2,17,2,2,1,1,0,1,1,0,1,1,1,1,2,2,1,2,4,1,2,1,1,5,4,11,11,0,0,1,0,0,0,0,1,0,0,0,1,0,0,1,0,0
"555",2,1,17,1,1,2,1,1,2,1,0,1,2,1,2,2,1,2,2,3,5,5,2,2,4,3,10,11,1,0,0,0,0,1,0,0,0,0,1,0,0,1,0,0,0
"556",2,1,16,1,1,2,1,2,1,3,0,2,2,1,1,1,2,2,2,4,3,4,1,1,3,5,13,14,0,0,1,0,0,0,0,1,0,0,1,0,0,0,1,0,0
"557",2,2,16,1,2,2,1,2,1,1,0,1,1,1,1,2,2,1,1,4,4,4,2,4,5,4,9,10,0,0,1,0,0,1,0,0,0,0,0,1,0,1,0,0,0
"558",2,1,17,1,1,2,3,1,2,2,3,1,2,1,2,1,2,2,2,5,4,4,1,1,5,2,7,9,0,0,1,0,0,0,0,1,0,0,0,1,0,1,0,0,0
"559",2,2,17,1,1,2,2,2,2,1,0,1,1,1,2,2,1,1,2,5,5,5,3,5,5,0,8,13,0,0,1,0,0,0,0,1,0,0,0,1,0,1,0,0,0
"560",2,2,18,1,1,2,1,0,3,1,1,2,2,1,1,2,2,1,1,4,3,2,1,1,4,0,12,12,1,0,0,0,0,1,0,0,0,0,0,0,1,1,0,0,0
"561",2,2,17,1,1,2,1,1,2,1,0,1,2,1,2,1,2,2,2,4,5,5,1,3,2,0,10,9,0,0,1,0,0,0,0,0,1,0,0,1,0,1,0,0,0
"562",2,2,18,2,2,2,1,1,2,2,0,1,2,1,2,2,2,1,1,4,3,3,1,4,5,6,10,9,1,0,0,0,0,1,0,0,0,0,0,1,0,1,0,0,0
"563",2,1,16,1,2,2,2,2,1,2,0,1,1,1,2,2,2,1,2,5,4,3,1,1,1,0,11,13,0,0,1,0,0,0,0,0,1,0,1,0,0,1,0,0,0
"564",2,2,17,2,1,2,2,2,1,1,1,1,1,1,2,2,2,1,2,1,2,1,2,3,5,0,7,0,0,0,1,0,0,0,0,1,0,0,0,1,0,1,0,0,0
"565",2,2,16,1,1,2,3,2,2,1,0,1,1,1,1,2,2,2,1,4,5,5,2,3,5,2,11,9,0,0,0,1,0,0,0,1,0,0,1,0,0,1,0,0,0
"566",2,2,16,1,2,2,1,1,2,1,0,1,1,1,2,2,2,2,1,4,5,5,2,4,5,0,10,10,1,0,0,0,0,0,0,1,0,0,0,1,0,1,0,0,0
"567",2,2,18,1,1,2,1,1,2,1,1,1,2,1,1,2,1,2,2,5,3,3,2,3,5,2,9,7,0,0,0,1,0,0,0,1,0,0,0,0,1,1,0,0,0
"568",2,2,18,1,1,2,3,2,1,1,1,1,1,1,1,2,1,2,1,2,3,1,2,2,5,0,4,0,0,0,0,1,0,0,0,1,0,0,0,1,0,1,0,0,0
"569",2,2,19,2,1,2,3,2,2,1,3,1,1,1,2,2,2,1,1,3,2,1,1,1,3,4,6,11,1,0,0,0,0,0,0,0,1,0,0,1,0,1,0,0,0
"570",2,2,18,2,1,2,3,3,1,2,2,1,2,1,2,2,1,2,1,4,4,5,1,3,3,9,4,8,1,0,0,0,0,1,0,0,0,0,0,1,0,1,0,0,0
"571",2,2,16,1,1,2,2,2,2,1,0,1,2,1,2,2,2,2,2,5,4,3,2,4,4,6,7,8,0,0,0,1,0,0,0,0,1,0,0,1,0,1,0,0,0
"572",2,2,19,2,1,2,2,1,2,1,3,1,1,1,2,1,1,2,2,4,4,3,1,3,5,4,8,9,1,0,0,0,0,0,0,1,0,0,0,0,1,1,0,0,0
"573",2,1,16,2,1,1,3,2,2,2,2,1,2,1,2,2,2,1,2,2,5,5,1,1,1,8,5,5,0,0,0,1,0,1,0,0,0,0,0,1,0,1,0,0,0
"574",2,1,17,2,1,2,1,1,1,1,0,1,2,1,2,2,2,1,1,4,3,2,1,2,5,9,7,9,0,0,1,0,0,1,0,0,0,0,0,1,0,1,0,0,0
"575",2,2,20,1,1,2,1,1,2,1,1,1,2,1,1,2,1,2,2,4,4,3,2,4,4,12,8,11,0,0,1,0,0,0,0,1,0,0,0,0,1,1,0,0,0
"576",2,1,18,1,1,1,4,3,1,1,0,1,2,1,1,2,2,2,1,5,4,4,3,4,2,8,10,11,0,0,0,1,0,0,0,0,1,0,0,1,0,1,0,0,0
"577",2,2,18,1,1,2,3,2,2,1,0,1,2,1,1,1,2,2,1,2,5,5,5,5,5,8,9,10,0,0,1,0,0,0,0,1,0,0,0,1,0,1,0,0,0
"578",2,2,19,1,1,2,1,1,3,2,1,1,1,1,1,2,2,2,1,5,4,4,3,3,2,8,10,9,0,0,1,0,0,0,0,0,1,0,0,0,1,0,1,0,0
"579",2,2,17,2,1,2,3,3,2,2,1,1,2,1,1,2,2,2,1,4,5,4,2,3,3,4,8,9,0,1,0,0,0,0,0,1,0,0,0,1,0,1,0,0,0
"580",2,2,18,2,2,2,1,3,1,1,0,1,1,1,1,2,1,2,2,4,3,3,2,3,3,0,9,10,1,0,0,0,0,0,0,0,1,0,0,1,0,1,0,0,0
"581",2,2,19,1,1,2,1,1,3,1,1,1,2,1,1,2,2,2,1,4,4,4,3,3,5,4,8,9,0,0,1,0,0,0,0,1,0,0,0,0,1,0,1,0,0
"582",2,1,18,2,1,1,1,2,2,2,2,1,2,1,1,2,2,1,1,4,3,3,1,1,5,2,6,8,1,0,0,0,0,0,0,1,0,0,0,1,0,1,0,0,0
"583",2,1,19,2,2,1,1,1,1,1,0,1,2,1,1,2,1,1,1,1,4,4,1,1,5,0,6,8,1,0,0,0,0,0,0,1,0,0,0,1,0,1,0,0,0
"584",2,1,18,1,1,2,2,2,2,1,1,1,1,1,1,2,1,2,2,5,5,5,1,1,3,0,8,6,0,0,1,0,0,0,0,1,0,0,0,1,0,0,0,1,0
"585",2,1,17,1,1,2,0,0,2,1,0,1,2,1,1,2,2,2,1,4,4,3,1,1,5,0,10,11,1,0,0,0,0,0,0,1,0,0,0,1,0,1,0,0,0
"586",2,1,17,1,2,1,3,1,2,3,0,1,2,2,1,2,1,1,1,4,2,3,2,2,3,5,8,7,0,0,1,0,0,1,0,0,0,0,0,0,1,1,0,0,0
"587",2,1,17,2,1,2,4,2,1,2,0,2,2,1,2,2,2,2,1,5,5,5,1,3,5,0,8,8,0,0,0,0,1,0,0,0,1,0,0,1,0,0,1,0,0
"588",2,1,18,1,2,2,2,2,1,2,1,1,2,1,2,2,2,2,1,2,3,3,1,2,4,3,7,6,0,0,0,1,0,0,0,0,1,0,0,1,0,1,0,0,0
"589",2,1,17,2,1,2,4,1,1,1,0,1,2,1,1,2,2,1,2,3,2,2,1,1,5,0,8,10,0,1,0,0,0,1,0,0,0,0,0,1,0,1,0,0,0
"590",2,1,17,2,2,2,1,2,1,1,0,1,1,1,1,2,2,2,1,5,5,1,1,1,3,0,7,10,1,0,0,0,0,0,0,1,0,0,1,0,0,1,0,0,0
"591",2,1,18,2,1,2,1,1,3,2,2,1,1,1,2,2,2,1,2,3,4,4,2,2,5,3,7,8,0,0,1,0,0,0,0,1,0,0,0,1,0,1,0,0,0
"592",2,1,18,2,1,2,2,2,2,2,0,1,1,1,2,1,2,2,1,4,3,5,1,1,1,2,12,13,0,0,0,1,0,1,0,0,0,0,1,0,0,0,0,0,1
"593",2,1,17,2,1,2,3,3,2,1,0,1,2,1,1,2,2,2,1,4,4,3,1,1,4,0,11,12,0,0,0,1,0,0,0,0,1,0,0,1,0,1,0,0,0
"594",2,1,18,2,2,1,1,2,2,2,0,1,1,1,1,2,2,2,1,4,4,3,1,2,4,0,12,13,1,0,0,0,0,0,0,1,0,0,0,1,0,0,0,0,1
"595",2,1,18,2,1,2,4,4,2,2,0,1,1,1,2,1,2,2,1,4,3,5,1,2,1,0,18,18,0,0,0,0,1,0,0,0,0,1,0,1,0,0,0,0,1
"596",2,2,18,2,2,2,4,4,1,1,0,1,2,1,2,2,2,2,1,5,4,5,1,1,5,3,17,17,0,0,0,1,0,0,0,1,0,0,0,1,0,0,0,0,1
"597",2,1,17,2,1,2,4,2,2,2,0,1,2,1,1,2,2,2,1,4,3,3,1,2,4,0,17,18,0,0,1,0,0,0,0,1,0,0,0,1,0,1,0,0,0
"598",2,1,18,1,1,2,2,2,3,2,1,1,1,1,2,2,2,1,2,4,3,3,1,1,4,0,9,0,1,0,0,0,0,0,0,1,0,0,0,1,0,1,0,0,0
"599",2,2,18,2,2,2,1,2,2,1,0,1,2,1,1,1,2,1,1,4,1,4,5,5,1,8,10,11,1,0,0,0,0,0,0,0,1,0,0,1,0,0,1,0,0
"600",2,2,18,1,1,2,4,4,3,1,0,1,2,2,2,2,2,2,2,2,5,5,1,1,1,5,12,13,1,0,0,0,0,0,0,0,1,0,0,1,0,0,0,1,0
"601",2,2,17,1,1,2,1,1,3,1,0,1,1,1,1,1,1,1,1,4,2,3,3,4,4,4,12,13,0,0,1,0,0,0,0,0,1,0,1,0,0,0,0,1,0
"602",2,1,18,2,1,2,2,2,2,2,0,1,2,1,1,1,2,2,2,1,3,1,1,1,2,4,8,8,0,0,1,0,0,0,0,1,0,0,0,1,0,1,0,0,0
"603",2,1,18,2,2,2,2,2,2,3,0,1,1,1,1,2,2,2,2,5,4,5,1,4,3,0,11,12,0,0,0,1,0,0,0,0,1,0,1,0,0,1,0,0,0
"604",2,1,18,1,2,1,4,2,1,2,0,1,1,1,2,2,2,2,2,5,3,1,1,1,5,0,5,0,0,0,0,0,1,0,0,1,0,0,0,1,0,0,0,0,1
"605",2,1,18,2,1,2,1,1,3,2,1,1,1,1,1,2,1,1,1,4,4,2,1,2,2,2,9,10,1,0,0,0,0,0,0,0,1,0,0,1,0,1,0,0,0
"606",2,1,19,2,1,2,1,1,2,1,1,1,1,1,1,2,1,1,1,5,5,5,2,3,2,0,5,0,1,0,0,0,0,0,0,0,1,0,1,0,0,0,0,1,0
"607",2,1,17,2,1,2,4,2,2,4,0,1,1,1,1,2,2,2,2,4,2,3,3,1,5,0,18,18,0,0,0,0,1,0,0,1,0,0,1,0,0,1,0,0,0
"608",2,1,17,1,2,1,2,1,2,2,0,1,1,1,2,2,2,2,2,5,3,3,1,2,2,5,11,11,0,0,0,1,0,0,0,1,0,0,0,1,0,0,0,0,1
"609",2,1,18,2,2,1,1,1,1,2,0,1,1,1,1,2,2,1,2,5,2,3,1,2,3,2,8,10,1,0,0,0,0,0,0,0,1,0,0,1,0,1,0,0,0
"610",2,1,18,2,1,2,1,2,2,2,0,1,2,1,1,2,1,1,1,4,1,1,1,1,4,0,11,11,1,0,0,0,0,1,0,0,0,0,1,0,0,1,0,0,0
"611",2,1,19,1,1,1,1,1,2,2,3,1,2,1,2,2,1,1,2,3,5,4,1,4,1,0,8,0,1,0,0,0,0,1,0,0,0,0,0,0,1,1,0,0,0
"612",2,1,18,1,1,2,2,2,2,3,0,1,1,1,1,2,2,2,2,4,2,1,1,1,4,5,14,14,0,0,0,1,0,0,0,1,0,0,0,1,0,0,1,0,0
"613",2,2,17,1,1,2,4,3,2,2,1,1,2,2,2,1,2,2,2,4,5,5,1,3,2,4,10,11,0,0,0,1,0,0,0,1,0,0,0,1,0,0,1,0,0
"614",2,1,18,2,1,2,3,3,1,2,0,1,2,1,1,2,2,1,2,5,3,4,1,1,5,0,10,10,0,0,0,1,0,0,0,0,1,0,1,0,0,1,0,0,0
"615",2,1,17,1,1,2,4,4,2,2,0,1,2,2,2,2,2,2,1,4,3,3,1,2,5,2,12,12,0,0,0,0,1,0,0,0,1,0,1,0,0,0,0,1,0
"616",2,1,17,2,2,1,3,2,2,2,0,1,1,1,1,2,2,1,2,1,2,3,1,2,5,0,15,14,0,0,0,1,0,0,0,1,0,0,0,1,0,0,0,0,1
"617",2,2,18,2,2,2,1,1,2,1,0,1,1,1,1,1,2,2,2,3,3,2,1,2,3,2,14,13,0,0,1,0,0,0,0,0,1,0,1,0,0,0,1,0,0
"618",2,1,18,2,2,2,1,1,2,3,0,1,1,1,1,2,2,2,1,5,3,2,1,1,4,0,19,17,1,0,0,0,0,0,0,0,1,0,1,0,0,1,0,0,0
"619",2,1,18,1,2,1,1,2,3,2,0,1,1,1,1,2,2,1,2,4,3,4,1,4,5,0,16,15,1,0,0,0,0,0,0,1,0,0,0,1,0,1,0,0,0
"620",2,1,18,2,1,2,3,3,2,2,0,1,2,1,1,2,2,2,2,4,3,2,1,3,3,6,13,12,0,0,0,1,0,0,0,0,1,0,0,1,0,0,0,1,0
"621",2,1,17,2,2,2,4,4,1,2,0,1,2,1,2,2,2,2,2,2,3,4,1,1,1,4,15,14,1,0,0,0,0,1,0,0,0,0,0,1,0,1,0,0,0
"622",2,1,17,1,1,2,1,2,2,2,0,1,1,1,1,1,2,1,1,3,2,2,1,2,3,0,13,13,0,0,1,0,0,0,0,0,1,0,1,0,0,1,0,0,0
"623",2,2,18,1,1,2,1,3,2,2,0,1,2,2,1,2,2,1,1,3,3,4,2,4,3,0,8,10,1,0,0,0,0,0,0,1,0,0,0,1,0,1,0,0,0
"624",2,2,18,2,2,2,4,4,2,3,0,1,1,1,1,2,2,2,2,4,2,2,2,2,5,0,15,16,0,0,0,0,1,0,0,0,1,0,0,1,0,0,0,1,0
"625",2,1,17,1,1,2,1,1,3,1,1,1,2,1,1,2,2,2,2,5,2,1,1,2,1,0,8,8,0,0,1,0,0,0,0,0,1,0,0,1,0,0,0,0,1
"626",2,1,18,2,1,2,2,3,2,1,0,1,2,1,1,2,2,2,2,5,2,3,1,2,4,0,10,10,1,0,0,0,0,0,0,0,1,0,1,0,0,1,0,0,0
"627",2,1,18,1,1,2,4,4,3,2,0,1,2,1,1,1,2,2,2,3,2,2,4,2,5,0,7,5,0,0,1,0,0,0,0,0,0,1,1,0,0,0,0,1,0
"628",2,2,18,1,2,2,1,2,3,1,0,1,2,1,2,2,1,2,2,4,3,3,2,3,3,3,9,10,1,0,0,0,0,0,0,0,1,0,1,0,0,0,0,1,0
"629",2,1,17,2,1,2,2,2,1,3,0,1,1,1,2,2,2,1,2,3,4,3,1,1,3,8,10,11,0,0,1,0,0,1,0,0,0,0,0,1,0,0,1,0,0
"630",2,1,17,1,1,2,1,2,1,1,0,1,1,1,2,2,2,2,1,3,5,5,1,3,1,4,7,8,0,0,1,0,0,0,0,1,0,0,0,1,0,1,0,0,0
"631",2,1,18,1,2,2,4,4,2,3,0,1,1,1,1,2,2,2,1,5,4,4,1,1,1,0,15,17,0,0,1,0,0,0,0,1,0,0,0,1,0,0,0,0,1
"632",2,1,18,1,1,2,1,1,4,3,0,1,1,1,1,2,2,2,1,4,3,2,1,2,4,4,10,11,0,0,1,0,0,0,0,1,0,0,0,1,0,0,1,0,0
"633",2,1,19,1,1,2,1,1,2,2,1,1,2,1,1,2,2,2,2,4,3,3,1,1,3,4,7,8,1,0,0,0,0,0,0,1,0,0,0,0,1,1,0,0,0
"634",2,1,18,1,2,2,4,4,1,2,0,1,1,1,2,2,2,2,1,5,4,3,3,4,2,1,13,14,0,0,0,0,1,0,0,0,1,0,0,1,0,1,0,0,0
"635",2,1,18,2,1,2,3,3,1,2,0,1,1,1,1,2,2,2,2,4,1,3,1,2,1,1,16,16,0,0,1,0,0,0,0,1,0,0,0,1,0,0,1,0,0
"636",2,1,17,1,1,2,3,1,1,2,0,1,2,1,2,1,2,2,1,4,5,4,2,3,1,10,8,9,1,0,0,0,0,0,0,1,0,0,0,1,0,0,0,0,1
"637",2,2,18,2,1,2,4,4,1,2,0,1,1,1,2,1,2,2,1,3,2,4,1,4,2,4,17,18,0,0,0,0,1,0,0,0,0,1,1,0,0,0,1,0,0
"638",2,2,18,1,1,2,2,1,2,1,0,1,1,1,2,1,2,2,2,4,4,3,1,3,5,0,7,7,0,0,1,0,0,0,0,1,0,0,0,1,0,0,0,1,0
"639",2,2,17,2,1,2,2,3,2,2,0,1,1,1,2,2,2,2,1,4,4,3,1,1,3,4,14,15,0,0,1,0,0,0,0,0,1,0,1,0,0,0,1,0,0
"640",2,2,19,1,1,2,1,1,2,1,1,1,1,1,1,2,2,1,1,4,3,2,1,3,5,0,5,8,0,0,1,0,0,0,0,0,1,0,0,1,0,0,0,1,0
"641",2,2,18,1,1,2,4,2,2,1,1,1,1,2,1,2,2,1,1,5,4,3,4,3,3,0,7,7,0,0,1,0,0,0,0,1,0,0,1,0,0,0,1,0,0
"642",2,1,18,1,1,2,2,2,2,3,0,1,1,1,1,2,2,1,1,5,3,3,1,3,4,0,14,17,1,0,0,0,0,0,0,1,0,0,0,1,0,0,0,1,0
"643",2,1,17,2,1,2,4,3,2,2,0,1,1,1,1,2,2,2,1,5,5,4,1,1,1,0,6,9,0,0,0,0,1,0,0,1,0,0,0,1,0,0,0,1,0
"644",2,1,18,1,1,2,4,4,3,1,0,1,2,1,2,2,2,2,2,4,4,3,2,2,5,4,7,9,0,0,0,0,1,1,0,0,0,0,0,1,0,0,0,0,1
"645",2,1,19,1,1,2,2,3,1,3,1,1,1,1,2,1,2,2,1,5,4,2,1,2,5,4,10,11,0,0,0,1,0,0,0,1,0,0,0,1,0,1,0,0,0
"646",2,1,18,2,2,2,3,1,1,2,0,1,2,1,1,2,2,2,1,4,3,4,1,1,1,4,15,15,0,0,0,0,1,0,0,0,1,0,0,1,0,1,0,0,0
"647",2,1,18,2,1,2,1,1,2,2,0,1,1,1,2,2,2,1,1,1,1,1,1,1,5,6,11,12,0,0,1,0,0,0,0,1,0,0,0,1,0,1,0,0,0
"648",2,2,17,2,2,2,3,1,2,1,0,1,1,1,1,1,2,2,1,2,4,5,3,4,2,6,10,10,0,0,0,1,0,0,0,0,1,0,0,1,0,1,0,0,0
"649",2,2,18,1,2,2,3,2,3,1,0,1,1,1,1,1,2,2,1,4,4,1,3,4,5,4,10,11,0,0,0,1,0,0,0,1,0,0,0,1,0,1,0,0,0
